sentiment,message
1,"['death', 'summer', 'arctic', 'ice', 'earth', 'cooler', 'year', 'away', 'sooner', 'trigger', 'world', 'wide', 'climat', 'planet', 'break', 'supercharg', 'global', 'warm', 'leav', 'much', 'planet', 'hostil', 'life', 'abrupt', 'climat', 'chang', 'onli', 'matter', 'timeend', 'fossil', 'fuel']"
1,"['elsevi', 'editorsinchief', 'pleas', 'share', 'first', 'volum', 'energi', 'climat', 'chang', 'avail', 'sciencedirect', 'get', 'free', 'access', 'june']"
1,"['better', 'climat', 'chang', 'educ', 'improv', 'sustain', 'got', 'right', 'environment', 'justic', 'global', 'warm', 'climat', 'chang', 'environ', 'hometopstori']"
1,"['climat', 'chang', 'link', 'fix', 'climat', 'chang', 'climatechang', 'co', 'global', 'warm']"
0,"['climat', 'chang', 'th', 'hour', 'earth', 'climatechang', 'global', 'warm', 'globalwarm']"
1,"['year', 'scientist', 'govern', 'discuss', 'debat', 'effect', 'climat', 'chang', 'global', 'warm', 'veri', 'littl', 'ha', 'donehav', 'look', 'climat', 'chang', 'centuryenviron', 'climat', 'chang']"
2,"['grow', 'impact', 'climat', 'chang', 'alreadi', 'push', 'million', 'peopl', 'migrat', 'within', 'south', 'asian', 'countri', 'could', 'tripl', 'global', 'warm', 'continu', 'current', 'path', 'research', 'warn', 'reuter']"
1,"['desert', 'forest', 'turn', 'desert', 'forest', 'climat', 'chang', 'co', 'global', 'warm']"
1,"['feder', 'reserv', 'tuesday', 'took', 'signific', 'step', 'forward', 'climat', 'chang', 'announc', 'join', 'group', 'central', 'bank', 'focus', 'root', 'risk', 'warm', 'pose', 'global', 'financi', 'system', 'via', 'grist']"
1,"['cravecr', 'johnjakest', 'ordinari', 'men', 'requir', 'read', 'human', 'posit', 'powerthalidomidecovid', 'amp', 'co', 'lie', 'built', 'inconveni', 'truthsbabi', 'boomer', 'bust', 'due', 'season', 'flu', 'amp', 'old', 'agemilankovitch', 'cycl', 'caus', 'climat', 'changeobliqu', 'caus', 'global', 'warm']"
1,"['thalidomidecovid', 'amp', 'co', 'lie', 'built', 'inconveni', 'truthsbabi', 'boomer', 'bust', 'due', 'season', 'flu', 'amp', 'old', 'agemilankovitch', 'cycl', 'caus', 'climat', 'changeobliqu', 'caus', 'global', 'warmingprecess', 'caus', 'global', 'tsunami', 'vernal', 'equinoxeswwgwga', 'human']"
1,"['global', 'warm', 'like', 'caus', 'global', 'atmospher', 'circul', 'chang', 'progress', 'reveto', 'situat', 'similar', 'year', 'agoclimatechang', 'climat', 'climateact']"
1,"['planetwarm', 'carbon', 'dioxid', 'emiss', 'build', 'construct', 'jeopardis', 'global', 'goal', 'keep', 'devast', 'climat', 'chang', 'bay', 'reuter']"
1,"['warm', 'ocean', 'contribut', 'storm', 'could', 'drop', 'feet', 'snow', 'town', 'japan', 'thi', 'week', 'thi', 'isnt', 'kind', 'global', 'weird', 'defin', 'chang', 'climat', 'system', 'redefin', 'live', 'decad', 'come', 'climateact', 'climat']"
1,"['climat', 'chang', 'new', 'link', 'fix', 'climat', 'chang', 'climatechang', 'co', 'global', 'warm', 'cut', 'emiss']"
1,"['globeandmail', 'wonder', 'whyth', 'media', 'govt', 'lie', 'usth', 'milankovitch', 'cycl', 'caus', 'climat', 'chang', 'global', 'warm', 'global', 'tsunami', 'vernal', 'equinoxescovid', 'babi', 'boomer', 'bust', 'due', 'season', 'flu', 'old', 'age']"
1,"['global', 'co', 'emiss', 'fossil', 'fuel', 'industri', 'expect', 'drop', 'wont', 'slow', 'pace', 'global', 'warm', 'serv', 'uniqu', 'opportun', 'secur', 'longterm', 'emiss', 'cut', 'follow', 'econom', 'recoveri', 'align', 'tackl', 'climat', 'chang']"
1,"['un', 'climat', 'scienc', 'reposaid', 'way', 'world', 'manag', 'land', 'food', 'produc', 'consum', 'chang', 'curb', 'global', 'warm', 'food', 'secur', 'health', 'biodivers', 'would', 'riskclimatechang', 'climat']"
1,"['oil', 'major', 'exxon', 'mobil', 'corp', 'said', 'monday', 'plan', 'reduc', 'greenhous', 'ga', 'emiss', 'next', 'five', 'year', 'investor', 'climat', 'chang', 'campaign', 'ratchet', 'pressur', 'action', 'limit', 'global', 'warm', 'climat']"
1,"['emerg', 'call', 'climat', 'chang', 'guterr', 'unit', 'nation', 'secretarygener', 'antonio', 'guterr', 'hi', 'speech', 'climat', 'chang', 'summit', 'world', 'leader', 'take', 'action', 'avoid', 'global', 'warm', 'said', 'declar', 'climat', 'emerg']"
1,"['prefer', 'limit', 'global', 'warm', 'per', 'pari', 'agreement', 'five', 'year', 'old', 'thi', 'week', 'wa', 'chosen', 'would', 'significantli', 'reduc', 'risk', 'impact', 'climat', 'chang', 'fightforpoint', 'fridaysforfutur', 'digitalstrik', 'climatestrikeonlin', 'klimat', 'climat']"
1,"['thi', 'behavior', 'becaus', 'human', 'natur', 'global', 'warm', 'climat', 'chang', 'rain', 'come', 'today', 'even', 'night', 'till', 'th', 'decemb', 'night', 'mumbai', 'unseason', 'rain']"
1,"['veri', 'alarm', 'world', 'nov', 'montha', 'winter', 'month', 'record', 'warm', 'climat', 'month', 'warm', 'condit', 'persist', 'larg', 'swath', 'planet', 'climat', 'changeglob', 'warm', 'chang', 'food', 'fm', 'tea', 'ricelif', 'stylebodi', 'shapebehaviour', 'next', 'yrsour', 'next', 'gener']"
1,"['climat', 'chang', 'co', 'ghg', 'emiss', 'rapidli', 'reduc', 'world', 'like', 'exceed', 'global', 'warm', 'c', 'parisagr', 'seek', 'limit', 'warm', 'c', 'un', 'climatechang', 'climat', 'senat', 'unep', 'polit']"
-1,"['noaa', 'nw', 'noaanceiclim', 'nobodi', 'happier', 'climat', 'chang', 'wacko', 'lyin', 'jiebiden', 'might', 'presid', 'hoax', 'global', 'cool', 'oop', 'global', 'warm', 'oop', 'climat', 'chang', 'perpetu', 'climat']"
1,"['newblog', 'global', 'warm', 'local', 'discours', 'commun', 'around', 'world', 'make', 'sens', 'climat', 'chang', 'domen', 'rotundoread']"
1,"['global', 'warm', 'local', 'discours', 'constitut', 'signific', 'new', 'contribut', 'understand', 'multiperspect', 'debat', 'climat', 'chang', 'highlight', 'need', 'interdisciplinari', 'studi', 'within', 'thi', 'area']"
1,"['outnow', 'oa', 'global', 'warm', 'local', 'discours', 'commun', 'around', 'world', 'make', 'sens', 'climat', 'chang', 'michael', 'brggemann', 'simon', 'rdder', 'edsread', 'download', 'thi', 'titl', 'free', 'andor', 'get', 'hard', 'copi']"
1,"['limit', 'global', 'warm', 'degre', 'celsiu', 'degre', 'fahrenheit', 'scientist', 'say', 'would', 'avoid', 'catastroph', 'impact', 'climat', 'chang', 'countri', 'need', 'wind', 'fossil', 'fuel', 'product', 'everi', 'year', 'globalwarm', 'climat']"
1,"['deniseshrivel', 'mani', 'australian', 'actual', 'get', 'urgent', 'overarch', 'threat', 'climat', 'changeat', 'degeesc', 'global', 'warm', 'coral', 'wont', 'survivegreatbarrierreef', 'critic', 'condit', 'due', 'mass', 'bleach', 'marin', 'heat', 'wavesw', 'r', 'fast', 'run', 'timeclim']"
1,"['worri', 'global', 'warm', 'amp', 'climat', 'chang', 'realiz', 'earth', 'live', 'may', 'shed', 'us', 'like', 'viru', 'burn', 'us', 'climat', 'induc', 'fever', 'none', 'us', 'exist', 'planet', 'still', 'existi', 'one', 'welcom', 'sweet', 'silenc', 'erad', 'human']"
1,"['newzealand', 'ha', 'join', 'state', 'declar', 'emerg', 'countri', 'due', 'threat', 'climat', 'chang', 'accord', 'research', 'thi', 'island', 'nation', 'particularli', 'affect', 'global', 'warm']"
1,"['rtd', 'associ', 'professor', 'cotton', 'univers', 'assam', 'discuss', 'type', 'environ', 'compon', 'major', 'environment', 'issu', 'led', 'climat', 'chang', 'also', 'highlight', 'issu', 'like', 'global', 'warm', 'green', 'hous', 'effect']"
1,"['world', 'govern', 'plan', 'produc', 'doubl', 'amount', 'coal', 'oil', 'ga', 'would', 'consist', 'curb', 'global', 'warm', 'say', 'new', 'repoin', 'latest', 'warn', 'climat', 'chang', 'fossilfuel', 'productiongap', 'unep']"
1,"['optimist', 'analysi', 'netzero', 'target', 'thi', 'onli', 'indic', 'still', 'fight', 'global', 'warminga', 'chang', 'c', 'still', 'warm', 'level', 'threaten', 'planetw', 'need', 'real', 'climat', 'action', 'account', 'reduct', 'target', 'parisagr']"
1,"['climat', 'th', 'hour', 'earth', 'chang', 'climatechang', 'global', 'warm']"
1,"['shadycross', 'youtub', 'probabl', 'becaus', 'dont', 'know', 'wss', 'refer', 'tonazaren', 'meant', 'truth', 'tellerlik', 'milankovitch', 'cycl', 'caus', 'climat', 'chang', 'global', 'warm', 'global', 'tsunami', 'vernal', 'equinox', 'everi', 'lifetim']"
1,"['tmischuk', 'canadainperil', 'lumberist', 'like', 'rat', 'flee', 'sink', 'ship', 'vtvl', 'rocket', 'space', 'arcsmilankovitch', 'cycl', 'caus', 'climat', 'chang', 'global', 'warm', 'global', 'tsunami', 'vernal', 'equinoxesearth', 'close', 'loop', 'self', 'regul', 'co', 'life']"
0,"['mapark', 'lumberist', 'burnth', 'milankovitch', 'cycl', 'caus', 'climat', 'chang', 'global', 'warm', 'global', 'tsunami', 'vernal', 'equinoxescovid', 'babi', 'boomer', 'bust', 'season', 'flu', 'old', 'age']"
0,"['sure', 'wish', 'global', 'warm', 'would', 'get', 'level', 'concern', 'coronaviru', 'ha', 'next', 'decad', 'chang', 'climat', 'still', 'go', 'kill', 'displac', 'harm', 'peopl', 'viru', 'ever', 'willprior', 'polit', 'coronaviru', 'climat']"
1,"['lamphieryeg', 'whi', 'stop', 'call', 'global', 'warm', 'chang', 'climat', 'chang', 'hard', 'argu', 'climat', 'chang', 'wtf', 'climat', 'denier', 'leader', 'realli', 'stupid', 'fuck', 'sinist', 'agenda', 'justintrudeau', 'stupid', 'sinist', 'climat']"
1,"['bidenharri', 'johnkerri', 'joebiden', 'realli', 'mean', 'fight', 'climat', 'chang', 'stop', 'eu', 'log', 'million', 'acr', 'us', 'forest', 'bio', 'wood', 'increas', 'emissionsfuel', 'global', 'warm', 'call', 'green', 'keepitintheground', 'climatechang']"
1,"['johnkerri', 'ran', 'presidenti', 'primari', 'name', 'special', 'presidenti', 'envoy', 'climat', 'congratul', 'mr', 'kerri', 'ha', 'activ', 'advoc', 'climat', 'chang', 'amp', 'global', 'warm', 'climat', 'climateact', 'demvoic']"
1,"['climat', 'chang', 'link', 'fix', 'climat', 'chang', 'climatechang', 'co', 'global', 'warm', 'environ']"
1,"['year', 'ago', 'also', 'began', 'see', 'someth', 'els', 'impact', 'global', 'warm', 'climat', 'chang', 'desesurround', 'homeso', 'millet', 'author', 'wrote', 'climat']"
1,"['global', 'warm', 'climat', 'chang', 'often', 'use', 'interchang', 'two', 'term', 'distinct', 'mean', 'check', 'thi', 'interest', 'resourc', 'nasa', 'definit', 'climat']"
1,"['greenparti', 'climatepaiiplasticsimpact', 'climat', 'changeplast', 'petroleum', 'product', 'also', 'contribut', 'global', 'warm', 'plastic', 'wast', 'inciner', 'releas', 'carbon', 'dioxid', 'atmospher', 'therebi', 'increas', 'carbon', 'emiss']"
1,"['world', 'react', 'urgenc', 'climat', 'chang', 'coronaviru', 'crisi', 'red', 'cross', 'say', 'warn', 'global', 'warm', 'pose', 'greater', 'threat', 'covidread', 'globalwarm', 'climatecrisi', 'climat', 'climateact']"
1,"['climat', 'chang', 'pose', 'much', 'larger', 'threat', 'coronaviru', 'warn', 'red', 'cross', 'recent', 'call', 'nation', 'act', 'urgenc', 'issu', 'global', 'warmingclim', 'climateemerg', 'globalwarm', 'unfccc', 'covid', 'coronaviru', 'japan', 'joebiden']"
1,"['tuesday', 'red', 'cross', 'said', 'world', 'react', 'urgenc', 'climat', 'chang', 'coronaviru', 'crisi', 'warn', 'global', 'warm', 'pose', 'greater', 'threat', 'covid', 'climat', 'climatejusticenow', 'climateact', 'climatechang', 'climatejustic']"
-1,"['climat', 'chang', 'global', 'warm', 'global', 'cool']"
1,"['save', 'energi', 'veri', 'import', 'global', 'warmingglob', 'warmingclim', 'chang']"
1,"['mrbeastyt', 'milankovitch', 'cycl', 'caus', 'climat', 'changeobliqu', 'caus', 'global', 'warmingprecess', 'caus', 'global', 'tsunamiseccentr', 'triggercovid', 'lie', 'built', 'babi', 'boomer', 'bust', 'due', 'season', 'flu', 'amp', 'old', 'agethes', 'inconveni', 'truthswwgwga', 'human']"
-1,"['covid', 'amp', 'co', 'lie', 'built', 'inconveni', 'truthsmilankovitch', 'cycl', 'caus', 'climat', 'changeobliqu', 'caus', 'global', 'warmingprecess', 'caus', 'global', 'tsunami', 'equinoxseccentr', 'triggercovid', 'babi', 'boomer', 'bust', 'due', 'season', 'flu', 'amp', 'old', 'age']"
0,"['milankovitch', 'cycl', 'caus', 'climat', 'chang', 'obliqu', 'caus', 'global', 'warmingprecess', 'caus', 'global', 'tsunami', 'equinox', 'eccentr', 'triggerbuildthatwal', 'buildthatrrcovid', 'season', 'flu', 'babi', 'boomer', 'bust']"
0,"['realdonaldtrump', 'briankempga', 'milankovitch', 'cycl', 'caus', 'climat', 'chang', 'obliqu', 'caus', 'global', 'warmingprecess', 'caus', 'global', 'tsunami', 'equinox', 'eccentr', 'triggercovid', 'season', 'flu', 'babi', 'boomer', 'bust']"
1,"['reaction', 'halfadozen', 'lead', 'climat', 'scientist', 'studi', 'author', 'acknowledg', 'schemat', 'vari', 'sharpli', 'climatechang', 'globalwarm', 'co', 'carbonemiss', 'climateemerg']"
1,"['thi', 'fuel', 'global', 'warm', 'climat', 'changemay', 'sept', 'look', 'much', 'amazon', 'ha', 'destroy', 'million', 'acr', 'brazil', 'carbon', 'emiss', 'increas', 'alonebidenharri', 'impos', 'sanction', 'sake', 'human', 'life', 'earth']"
1,"['climat', 'chang', 'alreadi', 'reportno', 'longer', 'possibl', 'limit', 'global', 'warm', 'degre', 'may', 'possibl', 'contain', 'two', 'degreestim', 'climat', 'war', 'stop', 'auspol']"
1,"['glacier', 'china', 'bleak', 'qilian', 'mountain', 'disappear', 'shock', 'rate', 'global', 'warm', 'bring', 'unpredict', 'chang', 'amp', 'rais', 'prospect', 'cripplinglongterm', 'water', 'shortag', 'scientist', 'sayglobalwarm', 'climat', 'green', 'planet', 'climatechang']"
1,"['presidentelect', 'joe', 'biden', 'pois', 'emb', 'action', 'climat', 'chang', 'across', 'breadth', 'feder', 'govern', 'depart', 'agricultur', 'treasuri', 'state', 'expand', 'beyond', 'environment', 'agenc', 'speed', 'us', 'effort', 'mitig', 'global', 'warm']"
1,"['presidentelect', 'joe', 'biden', 'pois', 'emb', 'action', 'climat', 'chang', 'across', 'breadth', 'feder', 'govern', 'expand', 'beyond', 'environment', 'agenc', 'speed', 'us', 'effort', 'mitig', 'global', 'warm', 'via', 'washingtonpost']"
1,"['interest', 'global', 'warm', 'check', 'thi', 'new', 'app', 'partner', 'uea', 'get', 'info', 'affect', 'climat', 'chang', 'might', 'live', 'climatechang', 'climat', 'app']"
1,"['covid', 'amp', 'co', 'lie', 'built', 'inconveni', 'truthscovid', 'babi', 'boomer', 'bust', 'due', 'season', 'flu', 'amp', 'old', 'ageclim', 'chang', 'built', 'milankovitch', 'cyclesobliqu', 'caus', 'global', 'warmingprecess', 'caus', 'global', 'tsunami', 'vernal', 'equinox']"
1,"['brazil', 'impact', 'everi', 'life', 'form', 'planet', 'burn', 'amazon', 'fuel', 'global', 'warm', 'climat', 'changeamazon', 'fire', 'caus', 'brazil', 'co', 'emiss', 'jump', 'emiss', 'jump', 'acceler', 'much']"
1,"['disconnect', 'investor', 'ask', 'compani', 'time', 'investor', 'reassess', 'approach', 'climat', 'engag', 'push', 'hard', 'businesswid', 'chang', 'need', 'see', 'global', 'warm', 'limit', 'c', 'c', 'esg']"
0,"['tyinconveni', 'truth', 'amp', 'perenni', 'prophet', 'doomclim', 'chang', 'caus', 'milankovitch', 'cyclesobliqu', 'caus', 'global', 'warmingprecess', 'caus', 'global', 'tsunamiseccentr', 'speed', 'upcovid', 'babi', 'boomer', 'bust', 'amp', 'season', 'flu']"
0,"['trudeauworstpmev', 'inconveni', 'truth', 'amp', 'perenni', 'prophet', 'doomclim', 'chang', 'caus', 'milankovitch', 'cyclesobliqu', 'caus', 'global', 'warmingprecess', 'caus', 'global', 'tsunamiseccentr', 'speed', 'upcovid', 'babi', 'boomer', 'bust', 'amp', 'season', 'flu']"
1,"['cathmckenna', 'never', 'murder', 'truth', 'matter', 'inconvenientclim', 'chang', 'caus', 'milankovitch', 'cyclesobliqu', 'caus', 'global', 'warmingprecess', 'caus', 'global', 'tsunamiseccentr', 'speed', 'upcovid', 'babi', 'boomer', 'bust', 'amp', 'season', 'flu']"
1,"['curv', 'coclim', 'changecop', 'global', 'warmingsmaphon', 'charger', 'solar', 'panel', 'set', 'ground', 'wan', 'na', 'curv', 'co', 'possibl']"
2,"['climat', 'chang', 'new', 'link', 'fix', 'climat', 'chang', 'climatechang', 'co', 'global', 'warm', 'lawsuit']"
1,"['global', 'warm', 'climat', 'changecaus', 'effectsclimatechang', 'environ', 'natur', 'sustain', 'globalwarm', 'savetheplanet', 'climat', 'climatecrisi', 'climateact', 'earth', 'climatechangeisr', 'green', 'fridaysforfutur', 'climatestrik', 'climateemerg', 'earthday']"
1,"['sk', 'weekli', 'climat', 'chang', 'amp', 'global', 'warm', 'news', 'roundup', 'skeptic', 'scienc', 'post', 'octob', 'nd', 'realdonaldtrump', 'term', 'would', 'mean', 'sever', 'amp', 'irrevers', 'chang', 'climateno', 'joke', 'would', 'disastr', 'scale', 'millennia']"
2,"['environ', 'link', 'climat', 'chang', 'climatechang', 'climat', 'chang', 'global', 'warm']"
1,"['trump', 'environment', 'rollback', 'mean', 'global', 'warm', 'thi', 'disast', 'trump', 'ha', 'done', 'go', 'wors', 'vote', 'care', 'noth', 'enviro', 'climat', 'chang', 'must', 'stoppt', 'vote', 'bidentrumpbidenclim']"
-1,"['global', 'warm', 'climat', 'chang', 'wa', 'debunk', 'mani', 'year', 'agodemocratsarecorrupt', 'climat', 'globalwarm', 'tcot']"
1,"['thi', 'weehawk', 'way', 'smarter', 'trump', 'prove', 'wa', 'fire', 'rescu', 'know', 'climat', 'chang', 'global', 'warm', 'real', 'trump', 'tell', 'peopl', 'rake', 'forest', 'dumb', 'ass', 'trump', 'bullsht', 'cat', 'climat', 'trumpmeltdown']"
1,"['idiot', 'petebuttigieg', 'claim', 'global', 'warmingclim', 'chang', 'whatev', 'call', 'thi', 'gener', 'wwii', 'pick', 'drive', 'priu', 'beach', 'normandi', 'would', 'pick', 'fukng', 'priu', 'greennewd', 'climat', 'trump']"
1,"['still', 'time', 'act', 'take', 'climat', 'chang', 'global', 'warmingnaishateam', 'kosmosenviron', 'climat', 'climateact', 'lgbtq', 'lgbt', 'greennewd', 'teamkosmo']"
1,"['climat', 'chang', 'parodyglob', 'warm', 'didnt', 'stick', 'year', 'old', 'braid', 'ht', 'gddub', 'climat', 'climateact', 'climatecrisi', 'climatechang']"
1,"['year', 'scientist', 'govern', 'discuss', 'debat', 'effect', 'climat', 'chang', 'global', 'warm', 'veri', 'littl', 'ha', 'donehav', 'look', 'climat', 'chang', 'centuryclim', 'chang', 'centuri', 'environ']"
1,"['curv', 'coclim', 'changecop', 'global', 'warmingsmaphon', 'charger', 'solar', 'panel', 'set', 'ground', 'wan', 'na', 'curv', 'co', 'possibleasalw']"
1,"['us', 'experienc', 'drought', 'condit', 'right', 'nowfrom', 'nytim', 'global', 'warm', 'ha', 'made', 'drought', 'wors', 'scientist', 'say', 'exemplifi', 'trend', 'toward', 'extrem', 'weather', 'climat', 'chang']"
1,"['three', 'mustread', 'book', 'understand', 'climat', 'changewhat', 'instead', 'pick', 'book', 'local', 'bookstor', 'librari', 'climat', 'chang', 'global', 'warm', 'everyth', 'relat', 'planet', 'read', 'climat', 'climatechang', 'globalwarm']"
1,"['increas', 'forest', 'fire', 'attribut', 'global', 'warm', 'climat', 'chang', 'billion', 'ton', 'co', 'per', 'year', 'account', 'well', 'global', 'coemiss', 'spectalit', 'mould', 'product', 'reduc', 'risk', 'forest', 'fire', 'climateact', 'climatecrisi']"
1,"['must', 'reconsid', 'correspond', 'climat', 'chang', 'global', 'warmingi', 'give', 'donat', 'organ', 'climat', 'chang', 'timethi', 'donat', 'come', 'earn', 'capit', 'gainsclim', 'changecapit', 'gain']"
1,"['think', 'time', 'correspond', 'togeth', 'global', 'warmingfirst', 'canclim', 'changeglob', 'warminggreen', 'hous', 'ga']"
1,"['climatechangeglob', 'heat', 'warm', 'night', 'faster', 'daysasymmetr', 'chang', 'night', 'day', 'temperatur', 'mani', 'part', 'world', 'consequ', 'speci', 'inhabit', 'region', 'abil', 'adapt', 'face', 'chang', 'climat']"
1,"['overpopul', 'major', 'caus', 'climat', 'chang', 'global', 'warmingdo', 'famili', 'today', 'today', 'climat', 'unhabitat', 'unhabitatyouth', 'ippf', 'fpglobal', 'getittogetherng', 'afpnow', 'popcouncil', 'pmnch']"
1,"['stop', 'global', 'warm', 'begin', 'us', 'take', 'step', 'end', 'climat', 'changeclimatechang', 'sustain', 'environ', 'climatecrisi', 'globalwarm', 'renewableenergi', 'sustain', 'climat', 'sunwatt']"
1,"['save', 'water', 'climat', 'chang', 'environment', 'chang', 'global', 'warm', 'justic', 'world', 'save', 'forest', 'litter', 'poverti', 'face', 'emerg', 'hear', 'voic', 'save', 'anim', 'save', 'save', 'plant', 'deforest', 'shout', 'climat', 'activist', 'keep', 'move', 'forward']"
0,"['emsusglob', 'warminggreenepapollutionclim', 'changesustainabilityagencydepenvironment', 'pollutionlink', 'registr']"
1,"['china', 'go', 'carbon', 'neutral', 'lower', 'globalwarm', 'project', 'much', 'c', 'biggest', 'singl', 'reduct', 'ever', 'estim', 'result', 'polici', 'chang', 'accord', 'climat', 'action', 'tracker', 'climat']"
1,"['fire', 'occur', 'natur', 'amazon', 'rainforestamazon', 'deliber', 'burnt', 'downmillion', 'acr', 'ever', 'year', 'uniqu', 'bio', 'divers', 'earth', 'lung', 'earth', 'speed', 'global', 'warm', 'climat', 'chang']"
1,"['lot', 'natur', 'disastersmayb', 'becaus', 'global', 'warmingit', 'time', 'keep', 'eye', 'take', 'action', 'global', 'warmingin', 'case', 'make', 'electr', 'sun', 'sunni', 'dayclim', 'changeglob', 'warmingnatur', 'resourc']"
1,"['climat', 'chang', 'new', 'york', 'clock', 'told', 'time', 'tell', 'time', 'remain', 'action', 'prevent', 'effect', 'global', 'warm', 'becom', 'irrevers']"
1,"['desert', 'turn', 'desert', 'forest', 'climat', 'chang', 'co', 'global', 'warm']"
1,"['new', 'satellit', 'technolog', 'data', 'iri', 'gather', 'import', 'becaus', 'methan', 'global', 'warm', 'potenti', 'time', 'carbon', 'dioxid', 'thi', 'could', 'game', 'chang', 'technolog', 'fight', 'climat', 'chang', 'read', 'gtgtgt']"
1,"['increasingli', 'urban', 'world', 'much', 'opportun', 'citiesalreadi', 'respons', 'global', 'greenhousega', 'emissionsto', 'lead', 'global', 'fight', 'climat', 'chang', 'let', 'continu', 'reduc', 'greenhous', 'emiss', 'warm', 'planet', 'engageimpact']"
1,"['past', 'decad', 'climat', 'chang', 'global', 'warm', 'ha', 'string', 'advers', 'effect', 'planet', 'sign', 'damag', 'increas', 'day', 'day']"
1,"['sunni', 'day', 'set', 'solar', 'pannel', 'charger', 'ground', 'becaus', 'decreas', 'coclim', 'changeglob', 'warm']"
1,"['saintkaterictr', 'obama', 'sea', 'level', 'rise', 'due', 'climat', 'chang', 'potenti', 'threaten', 'us', 'citiesobama', 'buy', 'million', 'dollar', 'mansion', 'water', 'martha', 'vineyardglob', 'warmingclim', 'chang', 'bsthe', 'goalglob', 'govt']"
1,"['ap', 'obama', 'sea', 'level', 'rise', 'due', 'climat', 'chang', 'potenti', 'threaten', 'us', 'citiesobama', 'buy', 'million', 'dollar', 'mansion', 'water', 'martha', 'vineyardglob', 'warmingclim', 'chang', 'bsthe', 'goalglob', 'govt']"
1,"['noth', 'allow', 'yet', 'ga', 'fossil', 'fuel', 'pour', 'petrol', 'flame', 'global', 'warm', 'fuel', 'devast', 'climat', 'chang', 'parliament', 'vote', 'allow', 'ga', 'project', 'transit', 'fund']"
1,"['climat', 'chang', 'pleas', 'climat', 'scienc', 'inform', 'center', 'pleas', 'us', 'cosmet', 'everyon', 'climat', 'scienc', 'inform', 'center', 'earth', 'climat', 'chang', 'number', 'human', 'caus', 'c', 'f', 'global', 'warm']"
1,"['lsorecaeu', 'vonderleyen', 'new', 'boss', 'hous', 'spoke', 'todaysh', 'mansion', 'thing', 'big', 'hous', 'climat', 'chang', 'coronaviru', 'robot', 'brexit', 'plan', 'technolog', 'plan', 'migrationsfight', 'global', 'warm']"
1,"['ye', 'right', 'everi', 'singl', 'countri']"
1,"['molotov', 'cocktail', 'refer', 'climat', 'chang', 'climat', 'crisi', 'andor', 'global', 'warm', 'arsonexpos', 'climat', 'cult']"
1,"['presidenti', 'candid', 'joe', 'biden', 'gave', 'major', 'speech', 'yesterday', 'undeni', 'acceler', 'punish', 'realiti', 'global', 'warmingour', 'countri', 'amp', 'world', 'need', 'leader', 'parti', 'acknowledg', 'realiti', 'climat', 'chang', 'act']"
1,"['trump', 'protocol', 'global', 'warm', 'endless', 'fire', 'california', 'yet', 'trump', 'say', 'due', 'poor', 'forest', 'manag', 'keep', 'land', 'clean', 'sweep', 'leav', 'clean', 'debri', 'take', 'care', 'fallen', 'tree', 'hope', 'earli', 'winter', 'climat', 'chang', 'fake']"
1,"['myfox', 'right', 'thi', 'repoout', 'newsom', 'playbook', 'know', 'chapter', 'prove', 'peopl', 'intent', 'start', 'latest', 'fire', 'claim', 'global', 'warm', 'funni', 'stop', 'boarder', 'canada', 'mexico', 'climat', 'chang', 'hoax']"
0,"['climat', 'changeglob', 'warm']"
1,"['climat', 'chang', 'soft', 'term', 'come', 'peopl', 'cant', 'even', 'stomach', 'global', 'warm', 'origin', 'descript', 'get', 'real', 'peopl', 'im', 'activist', 'call', 'spade', 'spade', 'pretti', 'sure', 'gore', 'wa', 'ahead', 'thi', 'climat', 'weather', 'bcstorm']"
1,"['stakehold', 'environ', 'sector', 'kick', 'method', 'adopt', 'coal', 'mine', 'activ', 'say', 'mine', 'burn', 'respons', 'global', 'warm', 'climat', 'chang', 'burn', 'caus', 'chang', 'climat', 'coal', 'global', 'mine', 'stakehol']"
1,"['climat', 'chang', 'world', 'global', 'warm', 'fight', 'climatechang', 'climat']"
1,"['wild', 'fire', 'america', 'yet', 'anoth', 'reason', 'govern', 'around', 'world', 'step', 'respons', 'climat', 'chang', 'global', 'warm', 'environment', 'catastroph', 'take', 'borisjohnson', 'address', 'thi', 'press', 'issu', 'climatechang', 'wildfir', 'climat']"
1,"['global', 'warm', 'increas', 'frequenc', 'intens', 'forest', 'fire', 'turn', 'remov', 'forest', 'co', 'uptak', 'capac', 'equat', 'thu', 'acceler', 'global', 'warm', 'climat', 'chang', 'posit', 'feedback', 'loop', 'climat']"
1,"['chevron', 'jpmorgan', 'amp', 'barclay', 'sharehold', 'endors', 'resolut', 'global', 'warm', 'amp', 'climat', 'chang', 'pressur', 'energi', 'firm', 'power', 'investor', 'increas', 'rapidli', 'averag', 'investor', 'suppoincreas']"
1,"['climat', 'chang', 'th', 'hour', 'earth', 'climatechang', 'global', 'warm']"
1,"['eiger', 'glacier', 'eigergletsch', 'swiss', 'alp', 'yearsth', 'repeat', 'photo', 'show', 'global', 'warm', 'ha', 'also', 'affect', 'eiger', 'glacier', 'see', 'eiger', 'glacier', 'swiss', 'glacier', 'climat', 'chang']"
1,"['go', 'live', 'climat', 'chang', 'webinarmeet', 'intern', 'organ', 'webinar', 'climat', 'chang', 'global', 'warm', 'host', 'decemb', 'gmjoin', 'us', 'hour', 'insight', 'expertsclimatechangewebinar', 'globalwarmingwebinar']"
1,"['curv', 'coclim', 'changecop', 'global', 'warmingsmaphon', 'charger', 'solar', 'panel', 'set', 'ground', 'wan', 'na', 'curv', 'co', 'possibleaslw']"
1,"['becom', 'stimul', 'work', 'peak', 'abil', 'solv', 'issu', 'climat', 'chang', 'global', 'warm', 'weav', 'sustain', 'educ', 'drtammisinha', 'explor', 'question', 'event', 'rd', 'sept', 'uow']"
-1,"['nmsaint', 'justthenew', 'anyth', 'prove', 'climat', 'chang', 'lie', 'thi', 'abcnew', 'abc', 'fake', 'global', 'warm', 'scare', 'said', 'nyc', 'would', 'underwat']"
0,"['peopl', 'take', 'side', 'climat', 'chang', 'long', 'warm', 'global', 'could', 'perspect', 'help', 'unifi', 'criteria', 'diegofdezsevillawordpress', 'comjun', 'climat', 'data', 'drink', 'sourc', 'diego', 'fdezsevilla', 'phd', 'regist']"
0,"['fyiskytv', 'skynew', 'skytv', 'last', 'week', 'pontif', 'global', 'warm', 'climat', 'changethi', 'week', 'jet', 'half', 'way', 'around', 'world', 'film', 'crew', 'archiv', 'footag', 'could', 'usedclim', 'chang', 'hypocrit']"
1,"['ice', 'sheet', 'greenland', 'antarctica', 'whose', 'melt', 'rate', 'rapidli', 'increas', 'rais', 'global', 'sea', 'level', 'cm', 'sinc', 'match', 'intergovernment', 'panel', 'climat', 'chang', 'worstcas', 'climat', 'warm', 'scenario']"
1,"['price', 'would', 'pay', 'emiss', 'one', 'tonn', 'co', 'cover', 'cost', 'use', 'climat', 'model', 'calcul', 'impact', 'addit', 'co', 'emiss', 'global', 'warm', 'climat', 'chang', 'could', 'answer']"
0,"['sundaythought', 'climat', 'chang', 'global', 'warm']"
1,"['coral', 'reef', 'among', 'threaten', 'ecosystem', 'earth', 'larg', 'due', 'unpreced', 'global', 'warm', 'climat', 'changeslearn', 'measur', 'take', 'ensur', 'surviv', 'issu', 'brief', 'iucnocean']"
1,"['rnc', 'rnc', 'climat', 'chang', 'amp', 'global', 'warm', 'hurrican', 'fire', 'scienc', 'say', 'climat', 'chang', 'rnc', 'refus', 'believ', 'via']"
1,"['climat', 'chang', 'amp', 'global', 'warm', 'via', 'youtub', 'climatechang', 'climat', 'globalwarm', 'climateconciousnetwork', 'contact', 'climat', 'consciou', 'network', 'websit', 'email', 'climateconsciousnetworkgmailcom']"
1,"['child', 'gunjur', 'motiv', 'grow', 'tree', 'differ', 'seedl', 'protect', 'gener', 'yet', 'unborn', 'global', 'warm', 'climat', 'chang', 'impact', 'end', 'climateemerg']"
1,"['despit', 'pandem', 'suppofor', 'action', 'curb', 'climat', 'chang', 'ha', 'diminish', 'back', 'govern', 'deal', 'global', 'warm', 'percent', 'may', 'wa', 'level', 'accord', 'survey', 'issu', 'monday', 'jswatz']"
1,"['check', 'climat', 'chang', 'global', 'warm', 'fact', 'faith', 'base', 'decis', 'book', 'andrew', 'farley', 'katharin', 'hayho', 'pdf', 'download', 'climat', 'climatechang', 'environ', 'natur', 'globalwarm', 'climatecrisi', 'climateact', 'savetheplanet', 'earth']"
0,"['although', 'temporari', 'chang', 'help', 'need', 'reduc', 'co', 'perman', 'make', 'dent', 'global', 'warm', 'said', 'prof', 'pier', 'forster', 'univers', 'leed', 'climat', 'pandem']"
1,"['link', 'climat', 'chang', 'bigger', 'fire', 'inextric', 'temperatur', 'two', 'three', 'degre', 'f', 'warmer', 'wouldv', 'without', 'global', 'warm', 'kendrawrit', 'jswatz', 'protect', 'west', 'climat', 'demand', 'cleanercar']"
1,"['climat', 'chang', 'global', 'warm', 'biggest', 'problem', 'consid', 'millennialsw', 'know', 'prioritiesclim', 'climatecrisi', 'globalwarm', 'sustain', 'renewableenergi', 'climatechang']"
1,"['due', 'covid', 'pandem', 'impact', 'onli', 'first', 'section', 'ipcc', 'repoon', 'scienc', 'global', 'warm', 'readi', 'glasgow', 'cop', 'novemb', 'two', 'section', 'climat', 'chang', 'impact', 'amp', 'way', 'cut', 'ghg', 'emiss', 'amp', 'ipcc', 'synthesi', 'repowil', 'follow', 'onli']"
1,"['main', 'greenhous', 'ga', 'count', 'airpollut', 'becaus', 'doe', 'appear', 'affect', 'health', 'howev', 'link', 'climat', 'chang', 'amp', 'global', 'warm', 'atmospher', 'concentr', 'pollut', 'air']"
2,"['question', 'asegun', 'henri', 'five', 'grand', 'thermal', 'challeng', 'stem', 'tide', 'global', 'warm', 'mission', 'save', 'human', 'extinct', 'due', 'climat', 'chang', 'say', 'mit', 'professor', 'mit', 'kthresearch', 'gretathunberg', 'leodicaprio', 'algor', 'climat']"
2,"['new', 'research', 'reveal', 'effect', 'global', 'warm', 'greenland', 'ice', 'melt', 'high', 'sensit', 'polar', 'region', 'climat', 'chang', 'via', 'physorgcom', 'climat', 'scienc', 'scichat', 'environ']"
1,"['climat', 'jc', 'role', 'tropic', 'midlatitud', 'polar', 'cloudradi', 'chang', 'midlatitud', 'circul', 'respons', 'global', 'warm']"
1,"['make', 'seedbom', 'udbhava', 'plantat', 'environ', 'climat', 'chang', 'globalwarm']"
1,"['climat', 'chang', 'pois', 'thaw', 'undermin', 'soil', 'beneath', 'conocophillip', 'propos', 'willow', 'oil', 'drill', 'project', 'alaska', 'north', 'slope', 'make', 'rig', 'road', 'vulner', 'global', 'warm', 'project', 'aggrav']"
1,"['covid', 'crisi', 'present', 'opportun', 'chang', 'cours', 'make', 'break', 'moment', 'global', 'climat', 'target', 'world', 'could', 'avoid', 'c', 'global', 'warm', 'govern', 'invest', 'green', 'recoveri', 'buildbackbett', 'read', 'carbonbrief']"
1,"['prafullsundriy', 'talk', 'global', 'warm', 'climat', 'chang', 'student', 'hillman', 'school', 'agra', 'humbl', 'attempt', 'take', 'climat', 'discours', 'school', 'happi', 'independ', 'day', 'sustain', 'climatechang', 'globalwarm', 'indianindependenceday', 'environ']"
0,"['climat', 'jc', 'season', 'depend', 'tropic', 'precipit', 'chang', 'global', 'warm']"
1,"['natur', 'belov', 'sun', 'children', 'book', 'icemelt', 'normal', 'global', 'warm', 'happen', 'climat', 'chang', 'normal', 'michaelchrichton', 'stateoffear']"
1,"['littleknown', 'verifi', 'climat', 'chang', 'fact', 'global', 'warm', 'primarili', 'higher', 'nighttim', 'low', 'especi', 'winter', 'near', 'polesclim', 'climatechang', 'climateemerg', 'climatecrisi', 'netzero', 'climateact', 'climateangst', 'carbon', 'detail']"
0,"['amerikanern', 'har', 'funnet', 'ut', 'det', 'finn', 'fiktiv', 'kriser', 'og', 'finn', 'det', 'virkelig', 'kriser', 'exclus', 'poll', 'amid', 'covid', 'american', 'dont', 'care', 'climat', 'chang', 'anymor', 'global', 'warm', 'polici', 'forum', 'gwpf']"
0,"['exclus', 'poll', 'amid', 'covid', 'american', 'dont', 'care', 'climat', 'chang', 'anymor', 'global', 'warm', 'polici', 'forum', 'gwpf']"
1,"['desert', 'turn', 'desert', 'forest', 'climat', 'chang', 'co', 'global', 'warm', 'forest']"
1,"['global', 'warm', 'climat', 'chang', 'made', 'number', 'raini', 'day', 'decreas', 'intens', 'rainfal', 'ha', 'increas', 'india', 'countri', 'depend', 'upon', 'monsoon', 'agricultur', 'sectorenviron', 'climatecrisi', 'climatechang', 'monsoon']"
0,"['climat', 'news', 'analyz', 'marin', 'ecosystem', 'year', 'ago', 'anticip', 'chang', 'caus', 'global', 'warm']"
0,"['global', 'warm', 'climat', 'chang']"
1,"['swagatadam', 'due', 'warm', 'weather', 'last', 'day', 'whi', 'huge', 'lightn', 'thunder', 'develop', 'cloud', 'climat', 'chang', 'global', 'warm', 'mumbai', 'rain']"
1,"['zaninmoreira', 'laczaru', 'planetdnow', 'thrack', 'world', 'gover', 'solut', 'big', 'compani', 'end', 'injustic', 'climat', 'chang', 'global', 'warmingpl', 'vote', 'realdonaldtrump', 'like', 'monkey', 'cage', 'test', 'purpos', 'go', 'wrong', 'make', 'wrong', 'decis', 'look', 'wuhanviru']"
1,"['world', 'brace', 'impact', 'global', 'warm', 'vital', 'ever', 'accur', 'detail', 'pictur', 'exactli', 'climat', 'changeclim', 'climatechang', 'environ', 'world', 'uk', 'savetheplanet', 'globalwarm']"
1,"['climat', 'chang', 'climatechang', 'scienc', 'histori', 'global', 'warm', 'globalwarm', 'earth', 'earth', 'climat', 'chang', 'natur', 'whi', 'thing', 'differ', 'via', 'quantamagazin']"
1,"['wait', 'late', 'fight', 'climat', 'chang', 'need', 'stop', 'global', 'warm', 'longer', 'wait', 'drive', 'chang', 'cost', 'capit', 'speci', 'extinct', 'health', 'climatechang', 'climateact', 'climat', 'visit']"
1,"['go', 'live', 'climat', 'chang', 'webinarmeet', 'intern', 'organ', 'webinar', 'climat', 'chang', 'global', 'warm', 'host', 'decemb', 'gmjoin', 'us', 'hour', 'insight', 'expert']"
1,"['price', 'tag', 'climat', 'chang', 'us', 'b', 'per', 'yr', 'thi', 'make', 'chang', 'human', 'need', 'adapt', 'warm', 'world', 'less', 'global', 'gdp', 'talk', 'tomrafteri', 'scmatsap', 'supplychain', 'sustain', 'climat']"
1,"['environmentenvironmentalimpactclimateclimatesciencepollutiongreenhousegassesglobalwarm', 'manmad', 'global', 'warm', 'ha', 'shohistori', 'long', 'futur', 'natur', 'balanc', 'gase', 'atmospher', 'began', 'chang', 'industri', 'revolut', 'last']"
1,"['gao', 'repotrump', 'admin', 'underestim', 'damag', 'greenhous', 'emiss', 'enabl', 'govt', 'justifi', 'cost', 'repeal', 'weaken', 'climat', 'chang', 'regsharm', 'global', 'warm', 'caus', 'estim', 'time', 'lower', 'previou', 'feder', 'estim']"
1,"['grow', 'use', 'shit', 'us', 'ice', 'age', 'wa', 'come', 'go', 'die', 'flame', 'global', 'warm', 'sadli', 'didnt', 'happen', 'renam', 'climat', 'chang', 'great', 'becaus', 'wont', 'keep', 'chang', 'itclim']"
1,"['deep', 'indian', 'ocean', 'temperatur', 'data', 'show', 'warm', 'deeper', 'layer', 'addit', 'exist', 'concern', 'surfac', 'warm', 'pave', 'way', 'visibl', 'chang', 'monsoon', 'pattern', 'climat', 'anomali', 'global', 'scalevisualpersist']"
1,"['ha', 'rain', 'sinc', 'morn', 'dehradun', 'give', 'pleasant', 'relief', 'rain', 'stop', 'heat', 'humid', 'start', 'decad', 'ago', 'even', 'fan', 'never', 'requir', 'today', 'live', 'without', 'ac', 'effect', 'climat', 'chang', 'globalwarm']"
1,"['deep', 'indian', 'ocean', 'temperatur', 'data', 'show', 'warm', 'deeper', 'layer', 'addit', 'exist', 'concern', 'surfac', 'warm', 'pave', 'way', 'visibl', 'chang', 'monsoon', 'pattern', 'climat', 'anomali', 'global', 'scale']"
1,"['thi', 'hype', 'global', 'warm', 'even', 'realread', 'climat', 'chang', 'link', 'bio', 'climatechang', 'environ', 'natur', 'globalwarm', 'sustain', 'savetheplanet', 'climat']"
1,"['thing', 'equal', 'ie', 'chang', 'climat', 'chang', 'polici', 'physic', 'risk', 'would', 'greatli', 'increas', 'global', 'emiss', 'keep', 'rise', 'lead', 'c', 'warm', 'wipe', 'gdp', 'physic', 'risksclim', 'relat', 'conflict', 'migrat', 'extrem', 'weather']"
1,"['scienc', 'th', 'hour', 'earth', 'climat', 'chang', 'climatechang', 'global', 'warm']"
1,"['reuter', 'urg', 'govt', 'offici', 'pass', 'legisl', 'curb', 'global', 'warm', 'climat', 'chang', 'whi', 'adopt', 'healthi', 'vegan', 'diet', 'drastic', 'impactclim', 'southpol', 'diet', 'itsthediet', 'govegan', 'vegan', 'sharetheplanet']"
1,"['newsweek', 'climat', 'climatechang', 'globalwarm', 'peopl', 'realli', 'believ', 'rightw', 'govt', 'offici', 'us', 'russia', 'brazil', 'turkey', 'philippin', 'elsewher', 'outlaw', 'word', 'global', 'warm', 'climat', 'chang', 'would', 'make', 'soreal']"
1,"['three', 'fossil', 'fuel', 'entiti', 'violat', 'minnesota', 'consum', 'fraud', 'act', 'issu', 'mislead', 'statement', 'global', 'warm', 'engag', 'year', 'campaign', 'climat', 'chang', 'decept', 'lawsuit', 'file', 'wednesday', 'state', 'attorney', 'gener', 'claim']"
1,"['book', 'must', 'read', 'book', 'climat', 'global', 'warmingalarmist', 'skeptic', 'denier', 'geoscientist', 'look', 'scienc', 'climat', 'chang', 'climat', 'climateact', 'climateactionnow', 'climateemerg', 'climatechang']"
1,"['new', 'research', 'scientist', 'univers', 'regina', 'institut', 'environment', 'chang', 'societi', 'show', 'global', 'warm', 'increas', 'level', 'toxic', 'alga', 'detriment', 'human', 'health', 'climat']"
1,"['new', 'articl', 'solar', 'geoengin', 'could', 'caus', 'unwant', 'chang', 'climat', 'new', 'model', 'suggest', 'physic', 'world', 'bid', 'mitig', 'global', 'warm', 'could', 'stagnat', 'weat', 'climat', 'physic']"
1,"['nearli', 'half', 'american', 'affect', 'climat', 'chang', 'accord', 'yale', 'american', 'also', 'believ', 'global', 'warm', 'onli', 'affect', 'plant', 'anim', 'thi', 'true', 'climat', 'chang', 'major', 'threat', 'mankind', 'must', 'fight', 'reduc', 'reus', 'reus', 'climat']"
1,"['tomorrow', 'worldrefugeeday', 'without', 'climateact', 'billion', 'may', 'live', 'intoler', 'heat', 'result', 'climat', 'migrationclim', 'chang', 'explor', 'boost', 'resili', 'global', 'warmingweworldonlu', 'unibomagazin']"
1,"['today', 'meteorologist', 'around', 'world', 'unit', 'rais', 'awar', 'planet', 'ever', 'warm', 'climat', 'stripe', 'shown', 'depict', 'global', 'temperatur', 'chang', 'year', 'showyourstrip', 'metsunit']"
1,"['go', 'live', 'climat', 'chang', 'webinarmeet', 'intern', 'organ', 'webinar', 'climat', 'chang', 'global', 'warm', 'host', 'decemb', 'gm']"
1,"['climat', 'chang', 'global', 'warm', 'issu', 'enemi', 'cant', 'stop']"
1,"['due', 'global', 'warm', 'potenti', 'releas', 'methan', 'methan', 'clathrat', 'compound', 'buri', 'seafloor', 'atmospher', 'may', 'caus', 'runaway', 'greenhous', 'effect', 'tip', 'point', 'climat', 'chang', 'make', 'differ', 'ec', 'renewableenergi']"
1,"['human', 'total', 'failur', 'fight', 'global', 'warm', 'cave', 'big', 'oil', 'sinc', 'first', 'ipcc', 'repoto', 'fight', 'climat', 'chang', 'global', 'emiss', 'c', 'energi', 'industri', 'risen', 'pump', 'anoth', 'billion', 'tonn', 'c', 'atmospher']"
1,"['atomalti', 'cathmckenna', 'gmbutt', 'justintrudeau', 'cbcnew', 'good', 'question', 'money', 'climat', 'chang', 'global', 'warm']"
1,"['societi', 'thrive', 'must', 'save', 'protect', 'environ', 'plant', 'tree', 'one', 'mani', 'environment', 'issu', 'affect', 'countri', 'major', 'environment', 'problem', 'overpopulationdeforestationclim', 'changeglob', 'warm']"
1,"['crop', 'life', 'intern', 'gt', 'climat', 'chang', 'power', 'global', 'pestsjun', 'climatechang', 'agrobiodivers', 'plantbreed', 'plantpatholog', 'ipm', 'climat', 'warm', 'biotechnolog', 'food', 'foodsecur', 'agricultur', 'iyph', 'genet']"
1,"['interact', 'onlin', 'platform', 'design', 'help', 'polici', 'maker', 'busi', 'understand', 'climat', 'scenario', 'better', 'assess', 'threat', 'global', 'warm', 'weblink', 'sens', 'platform', 'climat', 'chang', 'environ', 'awar', 'worldenvironmentday']"
1,"['opportun', 'decarbon', 'perhap', 'postpandem', 'economi', 'serv', 'us', 'better', 'ctvnew', 'climat', 'chang', 'economi', 'global', 'warm']"
1,"['year', 'crucial', 'global', 'warm', 'climat', 'chang', 'research', 'lockdown', 'serv', 'new', 'excit', 'dataman', 'vs', 'natur']"
1,"['opinion', 'complex', 'climat', 'chang', 'negoti', 'includ', 'countri', 'peopl', 'affect', 'global', 'warm', 'done', 'onlin', 'write', 'unueh', 'scientist', 'soekreft', 'cop', 'covid']"
1,"['still', 'havent', 'hit', 'deg', 'mark', 'world', 'face', 'frequent', 'weather', 'amp', 'climat', 'extrem', 'shown', 'long', 'term', 'global', 'temp', 'chang', 'imper', 'limit', 'warm', 'climatecrisi', 'climateact', 'climatechang']"
1,"['new', 'research', 'yaleclimatecomm', 'climat', 'chang', 'amp', 'american', 'mind', 'american', 'feel', 'person', 'sens', 'respons', 'help', 'reduc', 'global', 'warm', 'perceiv', 'norm', 'friend', 'amp', 'famili', 'expect', 'take', 'action', 'climat']"
1,"['new', 'podcast', 'paid', 'million', 'dollar', 'spreaker', 'chang', 'climat', 'climatechang', 'cool', 'earth', 'global', 'realiti', 'scienc', 'sunspot', 'theori', 'warm']"
1,"['could', 'coronaviru', 'chang', 'tackl', 'climat', 'crisi', 'global', 'warm', 'coronaviru', 'chang', 'climat', 'coronaviru', 'crisi', 'global', 'tackl', 'warm']"
1,"['new', 'york', 'time', 'american', 'posit', 'climat', 'chang', 'remain', 'larg', 'unshaken', 'coronaviru', 'pandem', 'econom', 'crisi', 'accord', 'new', 'nation', 'survey', 'show', 'accept', 'realiti', 'global', 'warm', 'record', 'high']"
1,"['promot', 'redbubbleredbubbl', 'logo', 'redbubbl', 'findyourth', 'heatwav', 'climatechang', 'planetearth', 'globalwarm', 'savetheplanet', 'fantasyillustr', 'decor', 'apparel', 'atweet', 'via']"
1,"['american', 'posit', 'climat', 'chang', 'remain', 'larg', 'unshaken', 'coronaviru', 'pandem', 'econom', 'crisi', 'accord', 'new', 'nation', 'survey', 'show', 'accept', 'realiti', 'global', 'warm', 'record', 'high', 'nytim']"
1,"['limit', 'global', 'warm', 'c', 'would', 'reduc', 'odd', 'initi', 'danger', 'irrevers', 'effect', 'climat', 'changea', 'path', 'ensur', 'possibl', 'easi']"
1,"['studi', 'ha', 'found', 'much', 'like', 'human', 'insect', 'chang', 'diet', 'tri', 'new', 'thing', 'depend', 'discoveri', 'could', 'seriou', 'impact', 'crop', 'global', 'warm', 'caus', 'insect', 'colonis', 'new', 'region', 'climat']"
1,"['whosearo', 'uninbangladesh', 'icddrb', 'whothailand', 'whosrilanka', 'whotimorlest', 'whomald', 'whoindonesia', 'amidst', 'issu', 'planet', 'deal', 'name', 'climat', 'chang', 'global', 'warm', 'coronaviru', 'outbreak', 'ha', 'proven', 'one', 'toughest', 'challeng', 'humankind', 'expert', 'interlink', 'spike', 'number', 'infect', 'climat', 'chang', 'treenvest']"
1,"['environ', 'crossroad', 'challeng', 'green', 'solutionsthi', 'book', 'deal', 'variou', 'environment', 'problem', 'like', 'climat', 'chang', 'global', 'warm', 'etcfor', 'visit', 'order', 'environ', 'natur', 'sustain', 'climat']"
1,"['latest', 'research', 'could', 'reduc', 'climat', 'chang', 'risk', 'share', 'innov', 'idea', 'protect', 'environ', 'global', 'warm', 'congress', 'environment', 'scienc', 'health', 'pollut', 'climat', 'crisi', 'meet', 'toxicolog']"
1,"['veri', 'societi', 'need', 'fundament', 'new', 'approach', 'mitig', 'againest', 'global', 'warm', 'power', 'govern', 'system', 'take', 'posit', 'decis', 'adapt', 'climat', 'changeclimatogist', 'abdikarim', 'hassan', 'climat', 'chang', 'environment', 'sustainb']"
0,"['iamshaunbailey', 'adam', 'go', 'pump', 'speech', 'global', 'warm', 'climat', 'chang']"
-1,"['becaus', 'uk', 'covid', 'model', 'might', 'arriv', 'high', 'numberprofessor', 'michael', 'mann', 'hockey', 'stick', 'model', 'wa', 'use', 'ipcc', 'mass', 'media', 'politician', 'push', 'manmad', 'global', 'warm', 'call', 'climat', 'chang', 'hysteria', 'past', 'two', 'decad', 'climat']"
1,"['world', 'best', 'serv', 'transform', 'onli', 'stabe', 'sensibl', 'mind', 'attitud', 'choicesenviron', 'green', 'carbon', 'footprint', 'global', 'warm', 'climat', 'chang', 'refus', 'recycl']"
1,"['govern', 'must', 'priorit', 'fight', 'global', 'warm', 'stimulu', 'packag', 'aim', 'allevi', 'coronaviru', 'crisi', 'becaus', 'climat', 'chang', 'may', 'caus', 'much', 'greater', 'chao', 'futur', 'say', 'engi', 'ceo', 'via', 'businesscovid', 'climat']"
0,"['think', 'corona', 'take', 'care', 'global', 'warm', 'climat', 'chang', 'local', 'advoc', 'brake', 'global', 'workflow', 'labour', 'flow', 'good', 'servic', 'flow', 'produc', 'local', 'consum', 'local', 'mantra', 'given', 'pm', 'modi']"
0,"['thi', 'carbonbrief', 'octob', 'explain', 'whi', 'ipcc', 'intergovernment', 'panel', 'climat', 'chang', 'wa', 'ask', 'produc', 'repofocus', 'c', 'global', 'warm', 'reposay', 'repoha', 'receivedsci', 'polici']"
1,"['much', 'love', 'singapor', 'also', 'wide', 'known', 'clean', 'green', 'citi', 'usag', 'singleus', 'plastic', 'distressingli', 'rifereus', 'recycl', 'refus', 'environ', 'wast', 'food', 'eco', 'shop', 'carbon', 'footprint', 'global', 'warm', 'climat', 'chang']"
1,"['treenvest', 'natur', 'environ', 'tree', 'natur', 'ecosystem', 'water', 'earth', 'conserv', 'adapt', 'climat', 'chang', 'global', 'warm', 'climatechang', 'globalwarm', 'destruct', 'planet', 'resourc', 'naturalresourc', 'speci', 'extinct', 'conserv', 'anim', 'bird', 'habitat', 'habitat']"
-1,"['differ', 'global', 'warm', 'climat', 'chang', 'idiot', 'globalwarm', 'climat']"
1,"['adamskipet', 'lamphieryeg', 'global', 'warm', 'realiti', 'hoax', 'thought', 'carbontax', 'chang', 'weather', 'climat', 'scienc']"
1,"['fact', 'biggest', 'global', 'econom', 'contract', 'sinc', 'great', 'depress', 'make', 'dent', 'futur', 'warm', 'sober', 'highlight', 'fact', 'need', 'chang', 'way', 'build', 'human', 'prosperitycoclimatecrisi', 'climat']"
1,"['ye', 'green', 'energi', 'perfect', 'bio', 'wood', 'new', 'coal', 'overal', 'green', 'energi', 'much', 'cleaner', 'form', 'energi', 'dirti', 'fossil', 'fuel', 'onli', 'chanc', 'avoid', 'utter', 'devast', 'runaway', 'global', 'warm', 'climat', 'chang', 'moor', 'mmflint', 'ha', 'let', 'world']"
1,"['world', 'take', 'warn', 'pandem', 'seriou', 'arriv', 'still', 'world', 'doe', 'take', 'warn', 'climat', 'chang', 'diaster', 'seriou', 'despit', 'forc', 'global', 'warm', 'unleash', 'like', 'pandem', 'one', 'day', 'awak', 'experi', 'world', 'hostil', 'life']"
1,"['underr', 'climat', 'chang', 'donor', 'actual', 'gener', 'jeff', 'bezo', 'sissicaoclimatechang', 'globalwarm', 'thesolarrevolut', 'climat', 'freshair', 'planet', 'chang', 'earth', 'changeclim', 'global', 'warm']"
0,"['climat', 'chang', 'global', 'warm', 'adelaid', 'record', 'wettest', 'april', 'year', 'rain', 'strong', 'wind', 'lash', 'sa']"
1,"['hottest', 'year', 'recordlockdown', 'lower', 'emiss', 'longerterm', 'chang', 'neededperspect', 'coronaviru', 'reduc', 'global', 'emiss', 'need', 'reduc', 'emiss', 'everi', 'year', 'decad', 'limit', 'warm', 'c', 'climat']"
1,"['choic', 'come', 'thi', 'ground', 'reform', 'global', 'devast', 'continu', 'plunder', 'thi', 'planet', 'make', 'way', 'reform', 'warm', 'environ', 'chang', 'climat']"
1,"['area', 'outbreak', 'may', 'take', 'aggress', 'action', 'reduc', 'pollut', 'exampl', 'close', 'pollut', 'plant', 'immedi', 'also', 'sake', 'global', 'warmingrememb', 'health', 'environ', 'climat', 'chang', 'earth', 'pandem']"
1,"['energi', 'clariti', 'energi', 'sustain', 'fossil', 'fuel', 'fuel', 'coal', 'oil', 'ga', 'frack', 'nuclear', 'global', 'warm', 'climat', 'chang', 'environ', 'renew', 'moral', 'good', 'freedom', 'objectiv']"
1,"['climat', 'artpow', 'climat', 'chang', 'photo', 'reveal', 'devast', 'impact', 'global', 'warm', 'around', 'world', 'via', 'app', 'agora', 'finalist', 'climatechang', 'competitionearthday']"
1,"['earth', 'day', 'tomorrow', 'read', 'blog', 'let', 'work', 'togeth', 'stop', 'climat', 'chang', 'climat', 'chang', 'global', 'warm', 'earth', 'day']"
1,"['freedom', 'compet', 'energi', 'favorit', 'govern', 'oil', 'ga', 'coal', 'nuclear', 'fossil', 'fuel', 'carbon', 'emmiss', 'environ', 'global', 'warm', 'climat', 'chang', 'human', 'flourish', 'movement']"
1,"['parch', 'west', 'head', 'global', 'warmingfuel', 'megadrought', 'could', 'last', 'centuri', 'climat', 'becaus', 'anti', 'nuclear', 'foe', 'troll', 'promot', 'coal', 'oil', 'decad', 'ye', 'need', 'chang', 'thorium', 'nuclearenergi']"
0,"['melt', 'glacier', 'reveal', 'evid', 'veri', 'warm', 'mediev', 'warm', 'period', 'global', 'warm', 'polici', 'forum', 'gwpf', 'drtimbal', 'climat', 'chang', 'biggest', 'decept', 'historybreak', 'drtim', 'ball', 'win', 'dr', 'michael', 'mann', 'lawsuit']"
-1,"['coronaviru', 'cure', 'wors', 'problem', 'donald', 'trumpread', 'alarmist', 'carbon', 'chang', 'chemtrail', 'climat', 'co', 'coronaviru', 'dioxid', 'geoengin', 'global', 'leftist', 'warm']"
1,"['think', 'gtgtgt', 'global', 'warm', 'conveni', 'truth', 'fals', 'polar', 'vortex', 'amp', 'biblic', 'propheci', 'climat', 'chang', 'see', 'postul', 'princ', 'handley', 'decid', 'hint', 'whi', 'need', 'worri']"
1,"['keep', 'global', 'warm', 'c', 'flatten', 'curv', 'climat', 'chang', 'risk', 'biodivers', 'doe', 'thi', 'massiv', 'reduc', 'number', 'speci', 'risk', 'buy', 'time', 'speci', 'ecosystem', 'adapt', 'chang', 'climat', 'via', 'tcafrica']"
1,"['four', 'horsemen', 'environment', 'apocalyps', 'via', 'delltwyla', 'global', 'warm', 'climat', 'chang', 'earth', 'day']"
1,"['mother', 'earth', 'reboot', 'learn', 'lesson', 'climat', 'chang', 'global', 'warm']"
-1,"['coronaviru', 'vaccin', 'test', 'start', 'todayread', 'alarmist', 'carbon', 'chang', 'chemtrail', 'climat', 'co', 'coronaviru', 'dioxid', 'geoengin', 'global', 'leftist', 'warm']"
-1,"['get', 'coronaviru', 'vaccin', 'trainal', 'aboard', 'yiiiiiih', 'alarmist', 'carbon', 'chang', 'chemtrail', 'climat', 'co', 'coronaviru', 'dioxid', 'geoengin', 'global', 'leftist', 'warm']"
1,"['scienc', 'th', 'hour', 'earth', 'climat', 'chang', 'climatechang', 'global', 'warm', 'thethhour']"
1,"['watch', 'american', 'presid', 'love', 'movi', 'annett', 'bene', 'rant', 'climat', 'chang', 'global', 'warm', 'fossil', 'fuel', 'movi', 'cant', 'make', 'thi', 'climat', 'climatechang', 'globalewarm', 'hollywood', 'climatescam']"
1,"['environ', 'bird', 'global', 'warm', 'climat', 'chang']"
1,"['regard', 'climat', 'chang', 'rememb', 'hi', 'attack', 'sander', 'call', 'ban', 'frack', 'co', 'emiss', 'biggest', 'contributor', 'global', 'warm', 'appar', 'oppos', 'put', 'signific', 'dent', 'ban', 'frack', 'fossil', 'fuel', 'industri']"
0,"['climat', 'jc', 'project', 'chang', 'snow', 'water', 'equival', 'tibetan', 'plateau', 'global', 'warm', 'c', 'c']"
1,"['india', 'coastal', 'women', 'long', 'dive', 'harvest', 'battl', 'globalwarm', 'driven', 'chang', 'keep', 'profess', 'aliv', 'l', 'womensright', 'climat']"
1,"['new', 'podcast', 'inconveni', 'fact', 'viru', 'environ', 'spreaker', 'chang', 'climat', 'global', 'power', 'solar', 'warm', 'wind']"
1,"['miss', 'chanc', 'share', 'innov', 'global', 'audienc', 'climat', 'chang', 'global', 'warm', 'dure', 'decemb', 'dubai', 'uae', 'climat', 'chang', 'would', 'compris', 'keynot', 'present', 'oral', 'present', 'poster', 'present']"
1,"['wa', 'realli', 'happen', 'australiaov', 'peopl', 'arrest', 'arsonbut', 'fakemedia', 'say', 'climat', 'chang', 'creat', 'fact', 'prove', 'global', 'warmingglob', 'engineeringwho', 'benefit', 'globalistsmaga', 'americafirst']"
1,"['world', 'avoid', 'catastroph', 'global', 'warm', 'climat', 'solut', 'hand', 'todaystudi', 'singl', 'solut', 'combat', 'climat', 'chang', 'climatefriendli', 'diet', 'improv', 'educ', 'electr', 'vehicl']"
1,"['overpopul', 'myth', 'themoreyouknow', 'knowledg', 'wisdom', 'fact', 'truth', 'fossil', 'fuel', 'oil', 'ga', 'coal', 'hydro', 'nuclear', 'climat', 'chang', 'global', 'warm']"
1,"['worri', 'futur', 'world', 'thi', 'kind', 'disast', 'ha', 'never', 'strict', 'alsow', 'cant', 'neglect', 'climat', 'chang', 'view', 'pointglob', 'warm', 'aw', 'happen', 'human', 'encounteredclim', 'climatestrikeonlin', 'climateactionnow']"
0,"['call', 'abstractssubmit', 'abstract', 'session', 'climaticcondit', 'th', 'world', 'summit', 'climat', 'chang', 'amp', 'global', 'warm', 'schedul', 'dure', 'decemb', 'dubai', 'uae']"
1,"['global', 'warm', 'drive', 'increas', 'inequ', 'gap', 'world', 'richest', 'poorest', 'countri', 'percent', 'larger', 'would', 'without', 'climat', 'chang']"
1,"['check', 'thi', 'fascin', 'thread', 'new', 'research', 'uw', 'uwenviron', 'impact', 'ship', 'emiss', 'climat', 'emiss', 'chang', 'cool', 'thi', 'mask', 'global', 'warm', 'due', 'greenhous', 'gase', 'climat', 'airpollut', 'airqual']"
1,"['call', 'speaker', 'climat', 'chang', 'amp', 'global', 'warm', 'confer', 'month', 'decemb', 'dubai', 'uaeshar', 'research', 'work', 'young', 'research', 'amp', 'studentsregist', 'confirm', 'slot']"
1,"['effoto', 'reviv', 'global', 'economi', 'pandem', 'acceler', 'emiss', 'planetwarm', 'gase', 'rather', 'aveclim', 'chang', 'activist', 'activ', 'climat', 'climatechang', 'climatecrisi', 'climateemerg', 'climatejustic']"
1,"['suny', 'scientist', 'agre', 'caus', 'itno', 'cold', 'day', 'doesnt', 'disprov', 'global', 'warmingweatherprof', 'cb', 'debunk', 'common', 'climat', 'chang', 'myth']"
1,"['myth', 'scientist', 'dont', 'agre', 'climat', 'chang', 'fals', 'almost', 'agre', 'humancaus', 'global', 'warm', 'climatemyth', 'mythbust', 'climat']"
0,"['dbirch', 'global', 'warm', 'end', 'onli', 'global', 'climat', 'chang', 'left', 'scene']"
1,"['covid', 'global', 'climat', 'chang', 'human', 'health', 'nejm', 'pandem', 'frequenc', 'global', 'warm', 'climat', 'chang']"
1,"['fascin', 'see', 'absurd', 'argument', 'climat', 'denier', 'question', 'valid', 'climatesciencether', 'evid', 'global', 'warm', 'wa', 'rebrand', 'climat', 'chang', 'via', 'conversationuk']"
1,"['global', 'warm', 'sever', 'consequ', 'africa', 'particularli', 'sahel', 'consequ', 'climat', 'chang']"
1,"['chang', 'build', 'construct', 'great', 'potenti', 'slow', 'global', 'warm', 'climatechang', 'natur', 'environ', 'climat', 'climatestrik', 'globalwarm', 'savetheplanet', 'sustain', 'gretathunberg', 'zerowast', 'climatecrisi', 'fridaysforfutur', 'earth']"
1,"['global', 'warm', 'wont', 'need', 'much', 'insul', 'futur', 'myth', 'truth', 'climat', 'chang']"
0,"['climat', 'jc', 'chang', 'enso', 'teleconnect', 'low', 'global', 'warm', 'scenario', 'uncertainti', 'due', 'intern', 'variabl']"
1,"['ecolog', 'environ', 'climat', 'volunt', 'thunberg', 'polici', 'ecologi', 'ecolog', 'protect', 'danger', 'greta', 'thunberg', 'consid', 'caus', 'climat', 'chang', 'global', 'warm', 'read']"
1,"['kolkata', 'climat', 'chang', 'global', 'warm', 'may', 'hit', 'india', 'gdp', 'within', 'decad', 'repopublish', 'mckinsey', 'global', 'institut', 'mgi', 'ha', 'said', 'breakingnew', 'chang', 'climat', 'gdp', 'googlenew', 'india', 'indianew', 'indianewstoday', 'india', 'mckinseyglobali']"
1,"['global', 'warm', 'evid', 'shock', 'amp', 'photo', 'reveal', 'year', 'climat', 'chang', 'ha', 'done', 'arctic', 'glacier', 'vintag', 'everyday', 'globalwarm', 'climat']"
1,"['environ', 'link', 'environ', 'climat', 'chang', 'consumer', 'ecolog', 'global', 'warm']"
0,"['whilst', 'thi', 'winter', 'wa', 'truli', 'extrem', 'event', 'right', 'like', 'sort', 'event', 'made', 'extrem', 'global', 'warm', 'trend', 'said', 'carlo', 'buontempo', 'director', 'copernicuseu', 'climat', 'chang', 'servic']"
1,"['ye', 'climat', 'chang', 'influenc', 'australia', 'unpreced', 'bushfiressuch', 'extrem', 'fire', 'season', 'least', 'percent', 'like', 'becaus', 'global', 'warm', 'new', 'analysi', 'find', 'sciam']"
1,"['research', 'found', 'humancaus', 'climat', 'chang', 'impact', 'australia', 'recent', 'devast', 'wildfiresmak', 'extrem', 'highrisk', 'condit', 'led', 'widespread', 'burn', 'least', 'percent', 'like', 'world', 'without', 'global', 'warm', 'via', 'henryfountain']"
1,"['women', 'environ', 'unit', 'nation', 'global', 'warm', 'climat', 'chang']"
2,"['studi', 'find', 'half', 'world', 'beach', 'disappear', 'globalwarm', 'climatechang', 'ocean', 'satir', 'comedi', 'humor', 'joke']"
1,"['wbrettwilson', 'nationalpost', 'basic', 'assumpt', 'entir', 'theori', 'human', 'activ', 'caus', 'global', 'warm', 'climat', 'chang', 'wrongin', 'everi', 'record', 'temperatur', 'amp', 'co', 'temp', 'chang', 'firsttim', 'ballclim']"
1,"['meet', 'yearold', 'antigreta', 'warn', 'thunberg', 'alarm', 'must', 'stop', 'global', 'warm', 'polici', 'forum', 'gwpf', 'climat', 'chang', 'issu', 'tack', 'climat', 'hysteria', 'ecolog', 'terror', 'onli', 'polar', 'canadian', 'climat']"
1,"['nytclim', 'dream', 'climat', 'denier', 'antisci', 'privilegec', 'lobbyist', 'type', 'dream', 'human', 'post', 'thi', 'two', 'year', 'parisagr', 'fulli', 'year', 'exxonmobil', 'scientist', 'map', 'fossilfuel', 'climat', 'chang', 'global', 'warm', 'scenario', 'esg']"
1,"['scienc', 'th', 'hour', 'earth', 'climat', 'chang', 'climatechang', 'globalwarm', 'global', 'warm']"
1,"['new', 'podcast', 'greta', 'thunberg', 'right', 'climat', 'chang', 'spreaker', 'bear', 'chang', 'climat', 'climatechang', 'global', 'globalwarm', 'greta', 'gretathunberg', 'icecapmelt', 'melt', 'naomiseibt', 'polar', 'polarbear', 'seibt', 'thunberg', 'warm']"
1,"['year', 'later', 'know', 'thi', 'battl', 'mine', 'inform', 'go', 'stabecaus', 'proud', 'environ', 'live', 'around', 'global', 'warm', 'climat', 'chang', 'africa', 'south', 'africa', 'environ']"
1,"['global', 'warm', 'time', 'british', 'ski', 'resoto', 'close', 'becaus', 'climat', 'chang', 'ski', 'climat', 'uk', 'globalwarm']"
1,"['great', 'peopl', 'hepburn', 'wind', 'make', 'human', 'sign', 'keep', 'global', 'warm', 'lt', 'ccommun', 'across', 'state', 'alreadi', 'feel', 'impact', 'climat', 'chang', 'time', 'cut', 'emiss']"
1,"['thi', 'emergencygretathunberg', 'address', 'crowd', 'ten', 'thousand', 'bristol', 'prior', 'march', 'climat', 'chang', 'awar', 'march', 'rightnow', 'ecolog', 'environ', 'weather', 'flood', 'storm', 'ciara', 'denni', 'jorg', 'global', 'warm', 'emerg']"
1,"['scientif', 'indic', 'industri', 'must', 'offset', 'warm', 'climat', 'across', 'multitud', 'continu', 'increment', 'chang', 'co', 'level', 'atmospher', 'ocean', 'heat', 'content', 'global', 'sea', 'level', 'rise', 'creep', 'year', 'year', 'fuell', 'humancaus', 'emiss']"
-1,"['msavaarmstrong', 'climat', 'ha', 'alway', 'chang', 'alway', 'chang', 'help', 'form', 'earth', 'whi', 'drop', 'global', 'warm', 'tag']"
1,"['think', 'rather', 'harass', 'world', 'leader', 'reduc', 'global', 'warm', 'cheaper', 'energi', 'technolog', 'chang', 'happen', 'slowli', 'enough', 'avoid', 'econom', 'collaps', 'possibl', 'result', 'war', 'starvat', 'climat', 'energi', 'energystorag', 'hydrogen', 'peac', 'wordsbyfrank']"
1,"['climat', 'chang', 'onli', 'expect', 'affect', 'amount', 'avail', 'water', 'also', 'impact', 'time', 'water', 'deliv', 'natur', 'storedabaileylock', 'wbur', 'fight', 'global', 'warm', 'demand', 'cleanercar']"
1,"['bbcpropaganda', 'mayb', 'influenza', 'like', 'spanishflu', 'desir', 'kill', 'million', 'peopl', 'reduc', 'global', 'warm', 'climat', 'chang', 'planet', 'experi', 'last', 'million', 'year', 'seem', 'odd', 'dose', 'staof']"
1,"['climat', 'changeglob', 'warmingclim', 'emerg', 'carbon', 'ration', 'help', 'fight', 'climat', 'chang', 'finland', 'ha', 'plan', 'carbon', 'neutral', 'citi', 'ha', 'alreadi', 'halv', 'carbon', 'emiss', 'sinc', 'citycap', 'app', 'fund', 'eu', 'tell', 'carbon', 'foot', 'print']"
0,"['global', 'warm', 'song', 'globalwarm', 'climatechang', 'globalcool', 'global', 'environ', 'climat', 'chang', 'funni', 'via', 'youtub']"
0,"['smol', 'hi', 'team', 'start', 'talk', 'climat', 'warm', 'well', 'befor', 'becam', 'issu', 'global', 'preoccup', 'never', 'thought', 'would', 'see', 'thi', 'much', 'chang', 'lifetim', 'queensu', 'ottawaegghead']"
1,"['owenpaterson', 'telegraph', 'work', 'reduc', 'global', 'warm', 'climat', 'chang', 'might', 'idea', 'alsoclimatechang', 'climat', 'globalwarm', 'flood']"
1,"['new', 'london', 'climat', 'chang', 'ladybird', 'expebook', 'author', 'includ', 'princ', 'charl', 'delv', 'histori', 'challeng', 'amp', 'danger', 'global', 'warm', 'potenti', 'solut', 'reduc', 'ha', 'love', 'illustr', 'britgeosurvey', 'penguinukbook', 'climat']"
1,"['climat', 'chang', 'c', 'degre', 'global', 'warm', 'could', 'chang', 'world', 'trend', 'monkey', 'viral']"
1,"['cfiguer', 'tomcarnac', 'believ', 'climat', 'protest', 'youth', 'strike', 'seen', 'around', 'world', 'recent', 'month', 'eventu', 'lead', 'kind', 'fundament', 'chang', 'need', 'limit', 'global', 'warm']"
1,"['imsuzn', 'cours', 'co', 'nutrient', 'also', 'greenhous', 'ga', 'global', 'warm', 'chang', 'rainfal', 'pattern', 'caus', 'drought', 'fire', 'kill', 'plant', 'anim', 'climat', 'climateemerg', 'climateact', 'knowledgeispow']"
-1,"['blame', 'climat', 'chang', 'global', 'warm', 'climat', 'alezambia']"
1,"['even', 'foxnew', 'start', 'reposom', 'truth', 'climat', 'changep', 'canwil', 'human', 'thank', 'shortsighted', 'amp', 'greed', 'dont', 'someth', 'global', 'warm', 'cost', 'us', 'much', 'would', 'stop']"
1,"['differ', 'climatechang', 'amp', 'globalwarm', 'global', 'warm', 'refer', 'longterm', 'warm', 'climat', 'chang', 'refer', 'broader', 'rang', 'chang', 'happen', 'eg', 'sea', 'level', 'rise', 'due', 'warm']"
1,"['realli', 'year', 'befor', 'planet', 'goe', 'kaput', 'due', 'climat', 'chang', 'read', 'profil', 'anthropogen', 'global', 'warm', 'propon', 'five', 'skeptic', 'decid', 'c', 'climat']"
1,"['think', 'thi', 'total', 'mad', 'shortag', 'snow', 'probabl', 'result', 'global', 'warm', 'thi', 'like', 'tri', 'extinguish', 'fire', 'bucket', 'oilclim', 'chang', 'carbonfootprint']"
0,"['vegan', 'climat', 'chang', 'global', 'warm', 'carbon', 'protest', 'dog', 'cat', 'car']"
1,"['climat', 'chang', 'feedback', 'loop', 'warglob', 'warm', 'caus', 'resourc', 'war', 'nation', 'war', 'damag', 'environ', 'increas', 'global', 'warm', 'impact', 'warm', 'may', 'caus', 'war', 'ad', 'environment', 'damag', 'warmingclim']"
0,"['climat', 'chang', 'feedback', 'loop', 'methanemethan', 'nasti', 'stuff', 'releas', 'melt', 'permafrost', 'contribut', 'power', 'global', 'warm', 'warm', 'quicker', 'permafrost', 'melt', 'methan', 'releasedy', 'get', 'pictureclimatechang', 'climat']"
1,"['cgtnoffici', 'climat', 'chang', 'feedback', 'loop', 'warglob', 'warm', 'caus', 'resourc', 'war', 'nation', 'war', 'damag', 'environ', 'increas', 'global', 'warm', 'impact', 'warm', 'may', 'caus', 'war', 'ad', 'environment', 'damag', 'warmingclim']"
1,"['cgtnoffici', 'climat', 'chang', 'feedback', 'loop', 'methanemethan', 'releas', 'melt', 'permafrost', 'contribut', 'power', 'global', 'warm', 'warm', 'quicker', 'permafrost', 'melt', 'methan', 'releasedclimatechang', 'climateemerg', 'climateactionnow', 'climat']"
1,"['climat', 'chang', 'feedback', 'loop', 'methanemethan', 'releas', 'melt', 'permafrost', 'contribut', 'power', 'global', 'warm', 'warm', 'quicker', 'permafrost', 'melt', 'methan', 'releasedclimatechang', 'climateemerg', 'climateactionnow', 'climat']"
1,"['differ', 'climat', 'chang', 'amp', 'global', 'warm', 'global', 'warm', 'planet', 'longterm', 'warm', 'climat', 'chang', 'global', 'warm', 'broader', 'rang', 'chang', 'happen', 'planet', 'due', 'global', 'warm', 'learn']"
1,"['environ', 'sea', 'global', 'warm', 'climat', 'chang', 'tamilnadu', 'govern']"
1,"['climat', 'elizabeth', 'warren', 'shame', 'world', 'get', 'pollut', 'global', 'warm', 'climat', 'chang', 'horribl', 'danger', 'us', 'time', 'run', 'must', 'act', 'stephan', 'r', 'green', 'peac', 'usa']"
1,"['sea', 'urchin', 'decim', 'doubl', 'whammi', 'east', 'mediterranean', 'global', 'warm', 'climat', 'chang', 'oceanwarm', 'urchin']"
1,"['recordbreak', 'heat', 'antarctica', 'prompt', 'new', 'concern', 'climat', 'chang', 'new', 'concern', 'global', 'warm', 'recordbreak', 'heat', 'antarctica']"
2,"['recordbreak', 'heat', 'antarctica', 'prompt', 'new', 'concern', 'climat', 'chang', 'new', 'concern', 'global', 'warm', 'recordbreak', 'heat', 'antarctica', 'scientist', 'say', 'among', 'fastest', 'warm', 'region', 'earth']"
1,"['freebook', 'share', 'linkedin', 'use', 'storytel', 'fiction', 'character', 'describ', 'possibl', 'secondari', 'caus', 'global', 'warm', 'climat', 'chang', 'freedownload', 'writingcommun', 'ebook', 'ajherald', 'author', 'cnn', 'nyt', 'potu', 'free', 'learn']"
1,"['hardli', 'stand', 'number', 'peopl', 'brainwash', 'believ', 'anthropogen', 'global', 'warm', 'aka', 'climat', 'chang', 'one', 'issu', 'potu', 'ha', 'hit', 'headon', 'wise', 'sinc', 'polar', 'bho', 'number', 'hi', 'settl', 'scienc', 'claim', 'climat']"
1,"['climat', 'jc', 'chang', 'convect', 'avail', 'potenti', 'energi', 'convect', 'inhibit', 'global', 'warm']"
0,"['entri', 'climat', 'changeglob', 'warm', 'write', 'contest', 'upmewhal', 'climat', 'warm', 'write', 'posh', 'steem']"
1,"['climat', 'npg', 'impact', 'climat', 'chang', 'tropic', 'cyclon', 'induc', 'storm', 'surg', 'pearl', 'river', 'delta', 'region', 'use', 'pseudoglobalwarm', 'method']"
1,"['happen', 'nowth', 'senat', 'committe', 'global', 'warm', 'amp', 'climat', 'chang', 'host', 'oversight', 'hear', 'hear', 'room', 'discuss', 'latest', 'massincpol', 'climat', 'repojoin', 'us', 'learn', 'skoczela', 'amp', 'maev', 'duggan', 'group', 'key', 'find', 'mapoli']"
1,"['climat', 'emerg', 'climat', 'changeglob', 'warmingclim', 'activist', 'antarctica', 'melt', 'climat', 'activist', 'swim', 'antarctica', 'icecan', 'imagin', 'enthusiasm', 'activist', 'becom', 'climat', 'activist']"
1,"['climat', 'emerg', 'climat', 'changeglob', 'warmingspekboomspekboom', 'low', 'mainten', 'shrub', 'act', 'carbon', 'sinkcarbon', 'sequestr', 'tonn', 'co', 'per', 'hectar', 'per', 'yearsouth', 'africa', 'go', 'carpet', 'plant', 'thi', 'shrub', 'un', 'initi']"
0,"['new', 'podcast', 'climat', 'chang', 'global', 'warm', 'spreaker', 'biden', 'bowl', 'brexit', 'burger', 'chang', 'climat', 'clinton', 'coronaviru', 'cruz', 'donald', 'global', 'gop', 'impeach', 'imposs', 'king', 'mcconnel', 'pelosi', 'super', 'trump', 'warm']"
1,"['use', 'environmentalist', 'standard', 'valu', 'wa', 'least', 'amount', 'harm', 'planet', 'wa', 'befor', 'read', 'moral', 'case', 'fossil', 'fuel', 'eye', 'open', 'standard', 'valu', 'human', 'flourish', 'warm', 'climat', 'global', 'chang']"
1,"['top', 'major', 'caus', 'global', 'warm', 'chang', 'climat', 'world']"
1,"['climat', 'chang', 'real', 'peopl', 'deni', 'scienc', 'clear', 'evid', 'global', 'warm', 'climat', 'chang', 'real', 'take', 'look', 'world', 'evid', 'rethink', 'ignor', 'climatechangeisr', 'climateemerg', 'climat', 'globalwarm']"
1,"['planet', 'get', 'greener', 'plant', 'slow', 'global', 'warm', 'q', 'acid', 'ocean', 'impact', 'biolog', 'respons', 'climat', 'changeclim', 'climateact', 'climateemerg', 'natur', 'scicomm', 'complex', 'cdnpoli', 'climatestrik', 'math', 'physic', 'steminist']"
1,"['govern', 'ha', 'pledg', 'million', 'tackl', 'food', 'wast', 'foodwast', 'huge', 'contributor', 'global', 'warm', 'forthcom', 'titl', 'food', 'climat', 'chang', 'without', 'hot', 'air', 'look', 'thi', 'detail', 'faccwtha', 'sarahbridl']"
1,"['scope', 'measur', 'taken', 'global', 'warm', 'climat', 'chang', 'celebr', 'dhmi', 'airpoproject', 'carbon', 'launch', 'turkey', 'airportsdhmiavi', 'climat', 'dhmikurums']"
0,"['upmewhal', 'write', 'contest', 'global', 'warm', 'climat', 'chang', 'donemi', 'entri', 'contest', 'upmewhaleselfpowerclimatechangeglobalwarminggogreen', 'steem', 'ilovesteem']"
1,"['knowtechexplorist', 'climat', 'research', 'detect', 'fingerprint', 'global', 'warm', 'daili', 'weather', 'level', 'observ', 'amend', 'long', 'establish', 'paradigm', 'chang']"
1,"['dr', 'ecoton', 'ccyal', 'sat', 'gretchenmarg', 'talk', 'american', 'percept', 'climat', 'crisi', 'leiserowitz', 'emphas', 'import', 'commun', 'climat', 'chang', 'differ', 'audienc', 'global', 'warm', 'six', 'america']"
1,"['fed', 'ha', 'role', 'combat', 'climat', 'chang', 'risk', 'powel', 'say', 'us', 'feder', 'reserv', 'chair', 'jerom', 'powel', 'said', 'wednesday', 'fed', 'play', 'pain', 'keep', 'global', 'warm', 'destabil', 'us', 'bank', 'financi', 'market', 'via', 'reuter']"
1,"['climat', 'changei', 'known', 'discuss', 'climat', 'chang', 'global', 'warm', 'sustain', 'develop', 'mani', 'year', 'thi', 'place', 'first', 'time', 'realli', 'realiz', 'real', 'ice']"
0,"['unit', 'nation', 'greta', 'thunberg', 'environ', 'global', 'warm', 'climat', 'chang']"
1,"['im', 'guess', 'argument', 'global', 'warmingclim', 'chang', 'make', 'arsonist', 'light', 'firesglobalwarm', 'climateemerg', 'climatecrisi', 'climat', 'carbong', 'climatedepot', 'climateaudit', 'carbong', 'rossmckitrick']"
1,"['whi', 'act', 'climat', 'chang', 'global', 'warm', 'c', 'would', 'threaten', 'world', 'winegrow', 'region', 'mention', 'whole', 'lot', 'els', 'climat', 'wine', 'franc', 'germani', 'australia', 'newzealand', 'california', 'itali', 'spain']"
1,"['council', 'ahead', 'game', 'global', 'warm', 'need', 'urgent', 'capit', 'fund', 'drive', 'chang', 'say', 'solac', 'new', 'environ', 'climat', 'chang', 'spokesperson', 'lgcplu']"
1,"['invit', 'know', 'best', 'commun', 'origin', 'creator', 'content', 'reward', 'regretbeyond', 'climat', 'chang', 'global', 'warm', 'behind', 'steemit', 'steem', 'steemit', 'oc', 'posh', 'selfpow', 'climatechang']"
1,"['new', 'podcast', 'eat', 'meat', 'bad', 'environ', 'spreaker', 'chang', 'climat', 'davo', 'global', 'greta', 'huffpost', 'meat', 'thunberg', 'vegan', 'warm']"
1,"['briandecesar', 'ibrahimpol', 'scientist', 'agre', 'climat', 'changey', 'vast', 'major', 'activ', 'publish', 'climat', 'scientist', 'percent', 'agre', 'human', 'caus', 'global', 'warm', 'climat', 'changeclimateact']"
1,"['nobodi', 'make', 'money', 'fossil', 'fuel', 'anyth', 'climat', 'chang', 'global', 'warm']"
1,"['climat', 'emerg', 'climat', 'changeglob', 'warm', 'war', 'fuel', 'climat', 'chang', 'climat', 'chang', 'fuel', 'war', 'continu', 'cycl', 'non', 'violenc', 'solut', 'climat', 'chang']"
1,"['tim', 'ball', 'evid', 'prove', 'co', 'greenhous', 'ga', 'basic', 'assumpt', 'entir', 'theori', 'human', 'activ', 'caus', 'global', 'warm', 'climat', 'chang', 'wrongin', 'everi', 'record', 'temperatur', 'amp', 'co', 'temp', 'chang', 'firstclim']"
1,"['australian', 'busi', 'leader', 'increasingli', 'worri', 'climat', 'chang', 'hit', 'bottom', 'line', 'imf', 'warn', 'global', 'warm', 'major', 'financi', 'risk', 'amp', 'world', 'top', 'central', 'bank', 'say', 'rba', 'could', 'forc', 'rescu', 'economi', 'amp', 'environ', 'v', 'smh']"
1,"['great', 'discuss', 'hrh', 'charleshrh', 'amp', 'gretathunberg', 'davosboth', 'agre', 'climat', 'chang', 'global', 'warm', 'amp', 'realdonaldtrump', 'greatest', 'threat', 'human', 'ha', 'ever', 'face', 'chrismend', 'lizwathuti', 'unep', 'unepafrica', 'whitehous', 'cah', 'climateact', 'climat']"
1,"['blend', 'fuel', 'high', 'black', 'carbon', 'emiss', 'would', 'undermin', 'imo', 'attempt', 'tackl', 'ship', 'contribut', 'climat', 'crisi', 'would', 'serious', 'aggrav', 'global', 'effort', 'combat', 'climat', 'chang', 'gener', 'warm', 'arctic', 'particular']"
1,"['spat', 'mnuchin', 'amp', 'thunberg', 'highlight', 'tension', 'climat', 'chang', 'wef', 'davo', 'govern', 'come', 'pressur', 'act', 'global', 'warm', 'well', 'talk', 'issuegretathunberg', 'climat', 'worldeconomicforum']"
1,"['polit', 'activist', 'critic', 'climatechang', 'hoax', 'back', 'wa', 'wa', 'come', 'ice', 'age', 'daughter', 'wa', 'wa', 'global', 'warm', 'climat', 'doesnt', 'chang', 'fast']"
1,"['climat', 'chang', 'global', 'warm', 'one', 'main', 'factor', 'trigger', 'fire', 'world', 'onli', 'forest', 'expos', 'thi', 'threat', 'also', 'hous', 'buildingslet', 'talk', 'fire', 'resist', 'materi']"
1,"['klim', 'climatehysteria', 'debunk', 'warm', 'wouldnt', 'matter', 'human', 'contribut', 'global', 'warm', 'uncertain', 'increas', 'co', 'good', 'planet', 'bad', 'whatev', 'economyruin', 'measur', 'leftist', 'invent', 'wont', 'chang', 'climat']"
1,"['global', 'warm', 'climat', 'chang', 'devast', 'loss', 'biodivers', 'greatest', 'threat', 'human', 'ha', 'ever', 'face', 'one', 'larg', 'creation', 'say', 'britain', 'princ', 'charl', 'wef', 'davo', 'climat']"
1,"['global', 'warm', 'climat', 'chang', 'devast', 'loss', 'biodivers', 'greatest', 'threat', 'human', 'ha', 'ever', 'face', 'one', 'larg', 'creation', 'say', 'princ', 'charl', 'wef', 'davo', 'l', 'climat']"
1,"['scienc', 'indic', 'climat', 'chang', 'much', 'global', 'warm', 'warm', 'arctic', 'destabil', 'polar', 'jet', 'stream', 'weaken', 'polar', 'vortex', 'bring', 'cold', 'snap', 'climat']"
2,"['global', 'warm', 'sound', 'dire', 'climat', 'chang', 'via', 'bopinion']"
1,"['tallinn', 'c', 'warmer', 'thi', 'time', 'last', 'year', 'snow', 'climat', 'chang', 'global', 'warmingestonia', 'tallinn', 'snow', 'global', 'warm', 'climat', 'chang', 'cokepi']"
1,"['climat', 'chang', 'evid', 'know', 'gt', 'vital', 'sign', 'planet', 'global', 'climat', 'chang', 'global', 'warm', 'know', 'happen', 'evid', 'auspol', 'climat']"
1,"['put', 'cybercar', 'obsess', 'contextcloud', 'loss', 'becaus', 'climat', 'chang', 'could', 'add', 'c', 'global', 'warmingthi', 'catastroph', 'chang', 'seem', 'happen', 'previous', 'million', 'year', 'ago']"
1,"['examin', 'complic', 'polit', 'global', 'warm', 'usaeven', 'toll', 'ha', 'becom', 'difficult', 'ignor', 'conserv', 'state', 'seek', 'billion', 'brace', 'disast', 'dont', 'call', 'climat', 'chang', 'nytim', 'climat']"
1,"['cbsnew', 'gretathunberg', 'gretathunberg', 'alon', 'thi', 'time', 'climat', 'crisi', 'make', 'wave', 'chang', 'let', 'million', 'user', 'carpool', 'contribut', 'toward', 'combat', 'c', 'emiss', 'global', 'warm', 'thi', 'bit', 'creat', 'chang', 'davo']"
1,"['rich', 'almost', 'alien', 'speci', 'men', 'richer', 'women', 'africa', 'got', 'rich', 'plunder', 'earth', 'fuel', 'global', 'warmingdescend', 'davi', 'emiss', 'gu', 'plane', 'talk', 'climat', 'chang', 'act', 'spin', 'word', 'continu', 'push', 'earth', 'abyss']"
1,"['seem', 'youtub', 'hidden', 'algorithm', 'promot', 'climat', 'chang', 'denial', 'video', 'top', 'relat', 'video', 'global', 'warm', 'search', 'term', 'includ', 'scientif', 'incorrect', 'inform', 'climat', 'chang', 'algosov']"
1,"['know', 'climat', 'chang', 'global', 'warm', 'wa', 'caus', 'us', 'sad', 'thing', 'dont', 'want', 'take', 'critic', 'measuresto', 'combat', 'climat', 'chang', 'climat', 'alezambia']"
1,"['tutori', 'anthropogen', 'global', 'warm', 'agw', 'drtimbal', 'climat', 'chang', 'biggest', 'premedit', 'decept', 'time', 'book', 'deliber', 'corrupt', 'climat', 'scienc', 'lttimothyballshawcagt']"
1,"['realdonaldtrump', 'thi', 'whi', 'peopl', 'concern', 'thi', 'warm', 'isnt', 'normal', 'co', 'trap', 'heat', 'act', 'similar', 'blanket', 'around', 'planet', 'thi', 'look', 'like', 'year', 'effect', 'famili', 'noaa', 'global', 'temp', 'chang', 'present', 'climat', 'climatechang']"
0,"['dailymail', 'news', 'climatechangeampglobalwarm']"
0,"['india', 'environ', 'protest', 'global', 'warm', 'climat', 'chang']"
1,"['technolog', 'chang', 'climat', 'issu', 'thi', 'possibl', 'secondari', 'caus', 'global', 'warm', 'climat', 'chang', 'minut', 'read', 'possibl', 'break', 'concept', 'anthoni', 'globalwarm', 'innov', 'climat', 'solut', 'theori', 'climtaechang']"
2,"['climat', 'chang', 'conserv', 'scienc', 'global', 'warm', 'activ']"
1,"['scientif', 'foundat', 'explan', 'global', 'warm', 'articul', 'well', 'enough', 'wide', 'public', 'mayb', 'thi', 'exactli', 'task', 'almost', 'sustain', 'leader', 'agre', 'talk', 'climat', 'chang', 'effect', 'thing']"
0,"['haveweallgonem', 'damn', 'global', 'warmingclim', 'chang', 'fact', 'mm', 'fact', 'pay', 'lunaci', 'mancaus', 'global', 'warmingbiggest', 'hoax', 'last', 'year']"
1,"['aoc', 'thi', 'whi', 'peopl', 'concern', 'thi', 'warm', 'isnt', 'normal', 'co', 'trap', 'heat', 'act', 'similar', 'blanket', 'around', 'planet', 'thi', 'look', 'like', 'year', 'effect', 'famili', 'noaa', 'global', 'temp', 'chang', 'present', 'climat', 'climatechang']"
1,"['teach', 'effect', 'global', 'warm', 'us', 'individu', 'societi', 'wed', 'rethink', 'think', 'wed', 'need', 'benefit', 'us', 'individu', 'societi', 'collect', 'climat', 'action', 'start', 'u', 'climat', 'chang', 'sustain', 'econigeria']"
1,"['cdm', 'ati', 'conduct', 'day', 'train', 'climat', 'chang', 'disast', 'risk', 'reduct', 'resourc', 'person', 'dr', 'devi', 'prasad', 'deliv', 'lectur', 'global', 'warmingadministrativetraininginstitut', 'kapilmohania', 'climat', 'chang', 'officerstrain', 'cdm', 'impact', 'disast', 'drr']"
1,"['search', 'term', 'global', 'warm', 'youtub', 'might', 'end', 'watch', 'misinform', 'climat', 'chang', 'read']"
-1,"['bbcworld', 'climat', 'use', 'support', 'evid', 'man', 'made', 'carbon', 'dioxid', 'warm', 'earth', 'global', 'warm', 'carbon', 'dioxid', 'hoax', 'easi', 'read', 'proof', 'climat', 'chang', 'normal', 'manmad', 'alan', 'fensin']"
1,"['climat', 'chang', 'ocean', 'hotter', 'ever', 'befor', 'hit', 'highest', 'temperatur', 'ever', 'last', 'year', 'rate', 'warm', 'speed', 'research', 'call', 'new', 'data', 'proof', 'global', 'warm', 'climat']"
1,"['scientist', 'warn', 'today', 'global', 'warm', 'wc', 'could', 'mean', 'amp', 'bigger', 'volcan', 'erupt', 'futurean', 'urgent', 'collect', 'action', 'address', 'climat', 'chang', 'much', 'need', 'save', 'live', 'amp', 'livelihood', 'mani', 'vulner', 'nationsiirr', 'climateactionnow', 'sdg']"
1,"['new', 'studi', 'led', 'auburnu', 'research', 'publish', 'natureclim', 'chang', 'show', 'fourfold', 'increas', 'emiss', 'potent', 'greenhousega', 'nitrou', 'oxidea', 'major', 'contributor', 'climat', 'warmingin', 'global', 'stream', 'river', 'physorgcom']"
0,"['climat', 'chang', 'global', 'climat', 'ipcc', 'observ', 'chang', 'inform', 'ipcc', 'use', 'special', 'repoglob', 'warm', 'degre', 'prof', 'dr', 'daniela', 'jacob', 'climat', 'servic', 'center', 'germani', 'geric']"
1,"['tarusakhi', 'kalptaru', 'kumaridiya', 'prakashjavdekar', 'dgpib', 'gssjodhpur', 'padmaaward', 'moefcc', 'un', 'diyapdkf', 'madhusharmabjp', 'betibacha', 'unyouthenvoy', 'educategirl', 'swatipiram', 'anandmahindra', 'kiransnm', 'mayursuthar', 'almasjiwani', 'nice', 'amp', 'nobl', 'ini', 'need', 'hour', 'global', 'warm', 'peak', 'tree', 'combat', 'climat', 'chang', 'offset', 'envinorment', 'chang', 'suppowildlif', 'amp', 'gener', 'oxygen', 'commend', 'involv', 'thi', 'greenini', 'help', 'make', 'better', 'livabl', 'societi', 'human', 'amp', 'help', 'anim']"
0,"['stark', 'warn', 'wa', 'issu', 'octob', 'repoabout', 'global', 'warm', 'intergovernment', 'panel', 'climat', 'chang', 'ipcc']"
1,"['verityfirth', 'ye', 'realli', 'incred', 'first', 'person', 'talk', 'global', 'warminga', 'far', 'know', 'wa', 'alexand', 'von', 'humboldt', 'first', 'talk', 'climat', 'chang', 'alreadi', 'begin', 'centuryh', 'wa', 'also', 'social', 'ecolog', 'monocultur']"
1,"['world', 'biggest', 'investor', 'come', 'intens', 'pressur', 'role', 'play', 'climat', 'chang', 'focu', 'tackl', 'global', 'warm', 'move', 'beyond', 'oil', 'ga', 'mine', 'compani', 'financ', 'fossil', 'fuel', 'produc', 'attractamooney', 'ft']"
1,"['doubl', 'methan', 'ga', 'ch', 'atmospher', 'wont', 'affect', 'global', 'warm', 'climat', 'chang', 'natur', 'ga', 'use', 'heat', 'gener', 'cheap', 'electr', 'rais', 'sheep', 'etc', 'without', 'fear', 'climat', 'chang']"
1,"['fire', 'due', 'climat', 'chang', 'expemonash', 'univers', 'research', 'david', 'packham', 'say', 'global', 'warm', 'gradual', 'process', 'doesnt', 'explain', 'major', 'bushfir', 'australia', 'bushfir', 'climat', 'davidpackham']"
1,"['climat', 'npg', 'global', 'warm', 'chang', 'tropic', 'cyclon', 'translat', 'speed']"
1,"['task', 'deal', 'global', 'warm', 'urgent', 'importantglobalwarminghealth', 'climatechangerealis', 'igbconlin', 'edciitd', 'mgcshvaccompani', 'climatechang', 'climat', 'globalwarm', 'stopglobalwarm', 'globalwarmingawar', 'pollutioncontrol']"
-1,"['climat', 'start', 'popul', 'explos', 'global', 'cool', 'global', 'warm', 'climat', 'chang']"
1,"['last', 'chanc', 'seri', 'last', 'chanc', 'seri', 'imag', 'address', 'global', 'warm', 'climat', 'changex', 'cm', 'limit', 'edit', 'print', 'hahnemhl', 'artist', 'paperclimatechang', 'climatecrisi', 'environmentasavetheplanet', 'lastchanc', 'climat']"
1,"['climat', 'chang', 'global', 'warm', 'longer', 'problem', 'futur', 'gener', 'one', 'alreadi', 'displac', 'commun', 'cost', 'billion', 'drive', 'mass', 'extinct', 'via', 'natobserv']"
1,"['terribl', 'lose', 'mani', 'anim', 'tree', 'peopl', 'austrilia', 'global', 'warm', 'fuel', 'eucalyptu', 'leav', 'hot', 'countri', 'sad', 'thing', 'trump', 'doe', 'suppoclim', 'chang', 'shame']"
2,"['good', 'ap', 'piec', 'underscor', 'climat', 'link', 'australiafir', 'q', 'climat', 'chang', 'realli', 'factora', 'scientist', 'studi', 'fire', 'studi', 'climat', 'say', 'doubt', 'manmad', 'global', 'warm', 'ha', 'big', 'part']"
1,"['climat', 'chang', 'studi', 'found', 'consist', 'evid', 'global', 'warm', 'everi', 'day', 'sinc', 'globalwarm', 'climatechang']"
1,"['climat', 'chang', 'studi', 'found', 'consist', 'evid', 'global', 'warm', 'everi', 'day', 'sinc', 'gpwx', 'globalwarm', 'climatechang']"
-1,"['inconsist', 'truth', 'global', 'cool', 'global', 'warm', 'climat', 'chang', 'faultclim', 'environ', 'climatechang', 'fridaysforfutur', 'savetheplanetgretathunberg', 'klimaschutz', 'climatestrik', 'selfhat']"
0,"['climat', 'thought', 'alongsid', 'einstein', 'robeoppenheim', 'richard', 'feynman', 'niel', 'bohr', 'enrico', 'fermi', 'global', 'warm', 'carbon', 'dioxid', 'hoax', 'easi', 'read', 'proof', 'climat', 'chang', 'normal', 'manmad', 'alan', 'fensin']"
-1,"['climat', 'use', 'support', 'evid', 'man', 'made', 'carbon', 'dioxid', 'warm', 'earth', 'global', 'warm', 'carbon', 'dioxid', 'hoax', 'easi', 'read', 'proof', 'climat', 'chang', 'normal', 'manmad', 'alan', 'fensin']"
1,"['global', 'warm', 'global', 'govern', 'via', 'youtub', 'climat', 'chang', 'warm', 'carbon']"
1,"['fear', 'climat', 'chang', 'make', 'hot', 'countri', 'total', 'uninhabit', 'global', 'warm', 'could', 'end', 'iron', 'effect', 'make', 'weather', 'britain', 'northwestern', 'europ', 'even', 'colder']"
